status,stage,task,variant,run_id,seed,n_train,n_val,n_test,input_dim,state_dim,extra_dims,extra_ratio,K,layers,params,total_children,selected_children,epochs,best_epoch,runtime_sec,train_loss,train_acc,val_loss,val_acc,test_loss,test_acc,best_val_loss,best_val_acc,best_test_acc_at_end,generalization_gap,init_sec,train_sec,mean_move_norm,mean_sigma,min_sigma,max_sigma,mean_charge_abs,mean_alpha_entropy,mean_alpha_eff,mean_top1_entropy,mean_top1_eff,mean_local_active,mean_global_positive,mean_z_norm,field_scale,checkpoint,error
ok,core_short,parity3,fixedK_lattice,core_parity3_K2_D1x_L2_S0,0,3072,2048,4096,5,5,0,0,2,2,96,8,"[[2, 2], [2, 2]]",60,56,4.085408926010132,0.522015651067098,0.7213541666666666,0.5551254749298096,0.6943359375,0.5506522953510284,0.697509765625,0.5551254749298096,0.6943359375,0.697509765625,0.02384440104166663,0.275463342666626,2.880467653274536,1.1728403866291046,0.3187148720026016,0.13292908668518066,0.5705577731132507,0.3371196687221527,0.4743422269821167,1.6245017051696777,1.4664533138275146,4.386662840843201,0.4776041954755783,0.7899740040302277,1.2268133461475372,0.08,,
ok,core_short,parity3,fixedK_lattice,core_parity3_K4_D1x_L2_S0,0,3072,2048,4096,5,5,0,0,4,2,152,16,"[[4, 4], [4, 4]]",60,60,2.8899765014648438,0.14602221548557281,0.9427083333333334,0.20592564344406128,0.91650390625,0.19736266881227493,0.923828125,0.20592564344406128,0.91650390625,0.923828125,0.01888020833333337,0.023761272430419922,2.8458783626556396,1.486806035041809,0.25098659843206406,0.09419268369674683,0.4374243915081024,0.4937264621257782,0.41795486211776733,1.5526522994041443,2.1290870904922485,8.417304515838623,0.45468752086162567,0.736783891916275,1.7098695933818817,0.08,,
ok,core_short,parity3,fixedK_lattice,core_parity3_K8_D1x_L2_S0,0,3072,2048,4096,5,5,0,0,8,2,264,32,"[[8, 8], [8, 8]]",60,59,3.181631088256836,0.21152445177237192,0.912109375,0.32477855682373047,0.86962890625,0.3158726394176483,0.869140625,0.32477855682373047,0.86962890625,0.869140625,0.04296875,0.03305220603942871,3.102020740509033,1.6599075496196747,0.22982828691601753,0.08015457540750504,0.4277637302875519,0.3048708066344261,0.5474770069122314,1.77867192029953,2.640058994293213,14.03172492980957,0.4811198264360428,0.6945964097976685,1.7166244983673096,0.08,,
ok,core_short,parity3,fixedK_lattice,core_parity3_K16_D1x_L2_S0,0,3072,2048,4096,5,5,0,0,16,2,488,64,"[[16, 16], [16, 16]]",60,56,2.923502206802368,0.27385323246320087,0.8671875,0.44359487295150757,0.79931640625,0.42225393652915955,0.7978515625,0.44359487295150757,0.79931640625,0.7978515625,0.0693359375,0.0961761474609375,2.810635805130005,1.9498672187328339,0.20208168029785156,0.0743647962808609,0.4055537283420563,0.18214374780654907,0.5661409497261047,1.8604310750961304,3.2882237434387207,26.862257957458496,0.48463544249534607,0.6548177301883698,1.7757292687892914,0.08,,
ok,core_short,parity3,fixedK_lattice,core_parity3_K32_D1x_L2_S0,0,3072,2048,4096,5,5,0,0,32,2,936,128,"[[32, 32], [32, 32]]",27,19,1.423008918762207,0.3481740951538086,0.833984375,0.5321930646896362,0.755859375,0.5201603472232819,0.744873046875,0.5321930646896362,0.755859375,0.744873046875,0.089111328125,0.07640671730041504,1.3328588008880615,2.654573768377304,0.1854359433054924,0.05369051918387413,0.3627604842185974,0.09135444089770317,0.7757083177566528,2.4779303073883057,3.999920606613159,54.95064926147461,0.5281250178813934,0.6751953661441803,2.4285187125205994,0.08,,
ok,core_short,parity3,fixedK_lattice,core_parity3_K64_D1x_L2_S0,0,3072,2048,4096,5,5,0,0,64,2,1832,256,"[[64, 64], [64, 64]]",41,33,2.0028395652770996,0.21476534505685171,0.91015625,0.6973512172698975,0.73876953125,0.7273015379905701,0.736328125,0.6973512172698975,0.73876953125,0.736328125,0.173828125,0.09755539894104004,1.8873884677886963,3.3338370323181152,0.15531497821211815,0.04178277775645256,0.30084940791130066,0.0904877595603466,0.7583189010620117,2.4794496297836304,4.6253087520599365,103.45874404907227,0.5187500417232513,0.6444661915302277,2.7316395938396454,0.08,,
ok,core_short,parity3,fixedK_lattice,core_parity3_K2_D2x_L2_S0,0,3072,2048,4096,5,10,5,1,2,2,166,8,"[[2, 2], [2, 2]]",60,60,2.924971342086792,0.535990834236145,0.7233072916666666,0.5483291149139404,0.7216796875,0.5646508932113647,0.701171875,0.5483291149139404,0.7216796875,0.701171875,0.02213541666666663,0.025998592376708984,2.8828115463256836,1.0303331166505814,0.34219372272491455,0.12210113555192947,0.607608437538147,0.3742489069700241,0.6086089015007019,1.8965959548950195,1.506498634815216,4.511250019073486,0.2707356959581375,0.35777996480464935,1.2261974513530731,0.08,,
ok,core_short,parity3,fixedK_lattice,core_parity3_K4_D2x_L2_S0,0,3072,2048,4096,5,10,5,1,4,2,262,16,"[[4, 4], [4, 4]]",60,58,3.1202759742736816,0.1274115045865377,0.9527994791666666,0.17881545424461365,0.93408203125,0.15796851366758347,0.935546875,0.17881545424461365,0.93408203125,0.935546875,0.01725260416666663,0.03533792495727539,3.0687897205352783,1.5734974145889282,0.24110470712184906,0.10687539726495743,0.41141360998153687,0.43327784538269043,0.403335765004158,1.520111858844757,2.1210930347442627,8.344862461090088,0.259440116584301,0.37340496480464935,1.782532274723053,0.08,,
ok,core_short,parity3,fixedK_lattice,core_parity3_K8_D2x_L2_S0,0,3072,2048,4096,5,10,5,1,8,2,454,32,"[[8, 8], [8, 8]]",60,59,3.380110740661621,0.23771145939826965,0.8984375,0.31543397903442383,0.84765625,0.32886892557144165,0.843994140625,0.31543397903442383,0.84765625,0.843994140625,0.054443359375,0.03542137145996094,3.3253040313720703,1.694934904575348,0.22051238641142845,0.07548360526561737,0.3975376486778259,0.2862090989947319,0.5092934966087341,1.6905628442764282,2.6928064823150635,14.777688980102539,0.22913412749767303,0.34599611163139343,1.6671830415725708,0.08,,
ok,core_short,parity3,fixedK_lattice,core_parity3_K16_D2x_L2_S0,0,3072,2048,4096,5,10,5,1,16,2,838,64,"[[16, 16], [16, 16]]",39,31,1.8749046325683594,0.31179452935854596,0.8486328125,0.46493056416511536,0.7783203125,0.450493186712265,0.776611328125,0.46493056416511536,0.7783203125,0.776611328125,0.072021484375,0.04198169708251953,1.8191864490509033,2.061951518058777,0.2058115378022194,0.07560320198535919,0.41888272762298584,0.16434109210968018,0.6035518646240234,1.9379987120628357,3.3573912382125854,28.716002464294434,0.24277344346046448,0.3335612267255783,1.9808932542800903,0.08,,
ok,core_short,parity3,fixedK_lattice,core_parity3_K32_D2x_L2_S0,0,3072,2048,4096,5,10,5,1,32,2,1606,128,"[[32, 32], [32, 32]]",60,60,3.047868490219116,0.21692584455013275,0.8997395833333334,0.5883222818374634,0.7822265625,0.5582605600357056,0.777099609375,0.5883222818374634,0.7822265625,0.777099609375,0.12263997395833337,0.06214570999145508,2.9694268703460693,3.1650327891111374,0.17557070590555668,0.04195073992013931,0.38158759474754333,0.13423361629247665,0.6716196089982986,2.174144148826599,3.998030185699463,54.80196952819824,0.2809896022081375,0.3546549677848816,2.826699733734131,0.08,,
ok,core_short,parity3,fixedK_lattice,core_parity3_K64_D2x_L2_S0,0,3072,2048,4096,5,10,5,1,64,2,3142,256,"[[64, 64], [64, 64]]",32,24,1.8472461700439453,0.25352328022321063,0.8896484375,0.5932923555374146,0.7568359375,0.6383575797080994,0.732666015625,0.5932923555374146,0.7568359375,0.732666015625,0.156982421875,0.11116719245910645,1.715071439743042,3.5123060196638107,0.15593762323260307,0.04083632677793503,0.3137153089046478,0.09238361939787865,0.7811073511838913,2.537348210811615,4.618218421936035,102.54861450195312,0.2543294429779053,0.31595052778720856,2.9360947012901306,0.08,,
ok,core_short,parity3,fixedK_lattice,core_parity3_K2_D4x_L2_S0,0,3072,2048,4096,5,20,15,3,2,2,306,8,"[[2, 2], [2, 2]]",60,60,3.2152693271636963,0.4826643665631612,0.7451171875,0.5251902341842651,0.71484375,0.5195558071136475,0.72705078125,0.5251902341842651,0.71484375,0.72705078125,0.01806640625,0.025568485260009766,3.175642490386963,1.2924519777297974,0.31899796426296234,0.11213168501853943,0.6305458545684814,0.4620768427848816,0.4951566979289055,1.7121136784553528,1.450356364250183,4.269182920455933,0.10667318105697632,0.18126628547906876,1.3852971494197845,0.08,,
ok,core_short,parity3,fixedK_lattice,core_parity3_K4_D4x_L2_S0,0,3072,2048,4096,5,20,15,3,4,2,482,16,"[[4, 4], [4, 4]]",60,60,3.024658203125,0.1571053514877955,0.9345703125,0.19368290901184082,0.9189453125,0.19144662469625473,0.92138671875,0.19368290901184082,0.9189453125,0.92138671875,0.01318359375,0.027185678482055664,2.9770655632019043,1.664189636707306,0.2473965734243393,0.1023571640253067,0.4139583110809326,0.5096896439790726,0.43924544751644135,1.576698124408722,2.158093214035034,8.665361404418945,0.12900391221046448,0.18735352903604507,1.925285816192627,0.08,,
ok,core_short,parity3,fixedK_lattice,core_parity3_K8_D4x_L2_S0,0,3072,2048,4096,5,20,15,3,8,2,834,32,"[[8, 8], [8, 8]]",58,50,2.961256980895996,0.22254369656244913,0.9052734375,0.3091661334037781,0.87744140625,0.31327205896377563,0.862548828125,0.3091661334037781,0.87744140625,0.862548828125,0.042724609375,0.03525662422180176,2.9085607528686523,1.6041688024997711,0.2254870906472206,0.08249977976083755,0.4396459460258484,0.3360162675380707,0.5144071877002716,1.7300485968589783,2.610223650932312,13.624093055725098,0.12366537377238274,0.17576498538255692,1.6825327277183533,0.08,,
ok,core_short,parity3,fixedK_lattice,core_parity3_K16_D4x_L2_S0,0,3072,2048,4096,5,20,15,3,16,2,1538,64,"[[16, 16], [16, 16]]",60,57,3.3601675033569336,0.21381940941015878,0.9026692708333334,0.42390623688697815,0.833984375,0.3948141783475876,0.82275390625,0.42390623688697815,0.833984375,0.82275390625,0.07991536458333337,0.05207252502441406,3.2836804389953613,2.4018260687589645,0.20071714743971825,0.06826802343130112,0.4126353859901428,0.20912360399961472,0.6337477266788483,2.005626916885376,3.321312189102173,27.709731101989746,0.12070313096046448,0.16611328721046448,2.1553109884262085,0.08,,
ok,core_short,parity3,fixedK_lattice,core_parity3_K32_D4x_L2_S0,0,3072,2048,4096,5,20,15,3,32,2,2946,128,"[[32, 32], [32, 32]]",45,37,2.373443841934204,0.2967516581217448,0.8658854166666666,0.580154538154602,0.75439453125,0.5641395449638367,0.749755859375,0.580154538154602,0.75439453125,0.749755859375,0.11612955729166663,0.06157946586608887,2.285834550857544,3.0253044068813324,0.1806603129953146,0.04830952733755112,0.35705938935279846,0.1280256025493145,0.7221754342317581,2.3362603783607483,4.030005931854248,56.4572811126709,0.12936198711395264,0.16551107913255692,2.6330496668815613,0.08,,
ok,core_short,parity3,fixedK_lattice,core_parity3_K64_D4x_L2_S0,0,3072,2048,4096,5,20,15,3,64,2,5762,256,"[[64, 64], [64, 64]]",41,33,2.234703540802002,0.1971151977777481,0.9195963541666666,0.6463258266448975,0.76416015625,0.672450602054596,0.765380859375,0.6463258266448975,0.76416015625,0.765380859375,0.15421549479166663,0.10622310638427734,2.114515781402588,4.161164402961731,0.15377485379576683,0.041058074682950974,0.3214714229106903,0.09757498279213905,0.7566852793097496,2.466495931148529,4.623109817504883,102.99908828735352,0.12903646379709244,0.15846354514360428,3.503004640340805,0.08,,
ok,core_short,parity3,fixedK_lattice,core_parity3_K2_D1x_L4_S0,0,3072,2048,4096,5,5,0,0,2,4,180,16,"[[2, 2], [2, 2], [2, 2], [2, 2]]",60,60,4.552202224731445,0.5017466147740682,0.7633463541666666,0.5553659200668335,0.70947265625,0.5428008437156677,0.7216796875,0.5553659200668335,0.70947265625,0.7216796875,0.04166666666666663,0.04375195503234863,4.4821696281433105,2.3628078997135162,0.26974833663553,0.03909251093864441,0.5536335706710815,0.19327530823647976,0.6381434639915824,2.095349282026291,1.1669454872608185,3.587930351495743,0.5635416954755783,0.9012695550918579,2.5507672727108,0.08,,
ok,core_short,parity3,fixedK_lattice,core_parity3_K4_D1x_L4_S0,0,3072,2048,4096,5,5,0,0,4,4,292,32,"[[4, 4], [4, 4], [4, 4], [4, 4]]",60,59,4.009077787399292,0.23432848850886026,0.9036458333333334,0.29764825105667114,0.8818359375,0.31262320280075073,0.874267578125,0.29764825105667114,0.8818359375,0.874267578125,0.02937825520833337,0.04863238334655762,3.930824041366577,1.7010142430663109,0.24376597441732883,0.05424599349498749,0.4590568244457245,0.2258838340640068,0.6975870095193386,2.1600556671619415,1.8752581477165222,6.6463611125946045,0.5530273616313934,0.8644531518220901,1.8170052617788315,0.08,,
ok,core_short,parity3,fixedK_lattice,core_parity3_K8_D1x_L4_S0,0,3072,2048,4096,5,5,0,0,8,4,516,64,"[[8, 8], [8, 8], [8, 8], [8, 8]]",59,51,4.419122219085693,0.37825504938761395,0.8232421875,0.4494718909263611,0.7939453125,0.46847283840179443,0.766357421875,0.4494718909263611,0.7939453125,0.766357421875,0.056884765625,0.05798459053039551,4.334108829498291,1.815967544913292,0.1982180643826723,0.09898644685745239,0.49188441038131714,0.14498675055801868,0.7077836692333221,2.124173790216446,2.6419677138328552,14.105808019638062,0.48076174408197403,0.8451497703790665,1.723632574081421,0.08,,
ok,core_short,parity3,fixedK_lattice,core_parity3_K16_D1x_L4_S0,0,3072,2048,4096,5,5,0,0,16,4,964,128,"[[16, 16], [16, 16], [16, 16], [16, 16]]",46,38,3.221709728240967,0.4744897981484731,0.7613932291666666,0.5810004472732544,0.70556640625,0.601398378610611,0.675537109375,0.5810004472732544,0.70556640625,0.675537109375,0.08585611979166663,0.08459162712097168,3.1151583194732666,1.5966725796461105,0.19153842702507973,0.07185973227024078,0.4057736098766327,0.08365615829825401,0.7570348083972931,2.3215699791908264,3.132885217666626,23.796325206756592,0.5596679896116257,0.8449219018220901,1.8055839538574219,0.08,,
ok,core_short,parity3,fixedK_lattice,core_parity3_K32_D1x_L4_S0,0,3072,2048,4096,5,5,0,0,32,4,1860,256,"[[32, 32], [32, 32], [32, 32], [32, 32]]",17,9,1.2543654441833496,0.6947953303654989,0.5348307291666666,0.6970516443252563,0.52685546875,0.69547900557518,0.533935546875,0.6970516443252563,0.52685546875,0.533935546875,0.0008951822916666297,0.11728668212890625,1.114497184753418,2.4512003362178802,0.19404489360749722,0.06150155887007713,0.35127341747283936,0.0809028260409832,0.7174005173146725,2.377073645591736,3.680190145969391,42.690382957458496,0.48164064437150955,0.8570963740348816,2.3835677802562714,0.08,,
ok,core_short,parity3,fixedK_lattice,core_parity3_K64_D1x_L4_S0,0,3072,2048,4096,5,5,0,0,64,4,3652,512,"[[64, 64], [64, 64], [64, 64], [64, 64]]",47,39,3.304076910018921,0.5230234066645304,0.7428385416666666,0.6341432332992554,0.65625,0.6458396911621094,0.643310546875,0.6341432332992554,0.65625,0.643310546875,0.09952799479166663,0.19374299049377441,3.086961030960083,3.268752172589302,0.20274692308157682,0.04391627013683319,0.4219866991043091,0.08534963428974152,0.6165512166917324,2.1748598217964172,4.208932101726532,73.76488399505615,0.5523112341761589,0.7910807505249977,3.8748167157173157,0.08,,
ok,core_short,parity3,fixedK_lattice,core_parity3_K2_D2x_L4_S0,0,3072,2048,4096,5,10,5,1,2,4,310,16,"[[2, 2], [2, 2], [2, 2], [2, 2]]",44,36,3.30063533782959,0.6111987034479777,0.6627604166666666,0.611076831817627,0.66064453125,0.6161923110485077,0.65185546875,0.611076831817627,0.66064453125,0.65185546875,0.01090494791666663,0.03815507888793945,3.2408547401428223,1.7828852348029613,0.30439872294664383,0.03618912771344185,0.6306701898574829,0.11618752218782902,0.8097998276352882,2.5394312143325806,1.2911251485347748,3.749242603778839,0.24156901612877846,0.4490397199988365,1.6538773775100708,0.08,,
ok,core_short,parity3,fixedK_lattice,core_parity3_K4_D2x_L4_S0,0,3072,2048,4096,5,10,5,1,4,4,502,32,"[[4, 4], [4, 4], [4, 4], [4, 4]]",60,59,4.382012367248535,0.20021574199199677,0.921875,0.29094383120536804,0.884765625,0.2840067595243454,0.886962890625,0.29094383120536804,0.884765625,0.886962890625,0.034912109375,0.046819448471069336,4.306633710861206,1.9396733567118645,0.2427455298602581,0.06049035117030144,0.45521244406700134,0.20764914713799953,0.6289960481226444,1.9674237072467804,2.013454347848892,7.650335669517517,0.245524100959301,0.4426269680261612,2.125188425183296,0.08,,
ok,core_short,parity3,fixedK_lattice,core_parity3_K8_D2x_L4_S0,0,3072,2048,4096,5,10,5,1,8,4,886,64,"[[8, 8], [8, 8], [8, 8], [8, 8]]",29,21,1.9639389514923096,0.4950389266014099,0.7542317708333334,0.5468982458114624,0.70654296875,0.5488532185554504,0.705322265625,0.5468982458114624,0.70654296875,0.705322265625,0.04890950520833337,0.05999898910522461,1.881239652633667,1.4555690586566925,0.2089888844639063,0.10332045704126358,0.4963010847568512,0.09681811183691025,0.7516793981194496,2.2178519666194916,2.6735501885414124,14.56985330581665,0.24757488816976547,0.42548830062150955,1.4755745083093643,0.08,,
ok,core_short,parity3,fixedK_lattice,core_parity3_K16_D2x_L4_S0,0,3072,2048,4096,5,10,5,1,16,4,1654,128,"[[16, 16], [16, 16], [16, 16], [16, 16]]",60,53,4.035025596618652,0.47784537076950073,0.7633463541666666,0.5878432989120483,0.70947265625,0.6063816547393799,0.68896484375,0.5878432989120483,0.70947265625,0.68896484375,0.07438151041666663,0.07561826705932617,3.932046413421631,1.7954686433076859,0.19002388417720795,0.07113190740346909,0.40641871094703674,0.08746749348938465,0.7090442702174187,2.234309643507004,3.169322371482849,24.354209899902344,0.2789062671363354,0.41938477009534836,2.016970783472061,0.08,,
ok,core_short,parity3,fixedK_lattice,core_parity3_K32_D2x_L4_S0,0,3072,2048,4096,5,10,5,1,32,4,3190,256,"[[32, 32], [32, 32], [32, 32], [32, 32]]",32,24,2.2076308727264404,0.5528867642084757,0.7106119791666666,0.626708984375,0.6650390625,0.6317852139472961,0.650634765625,0.626708984375,0.6650390625,0.650634765625,0.05997721354166663,0.12183189392089844,2.0574982166290283,4.051398441195488,0.1906001064926386,0.053365763276815414,0.3558381497859955,0.08365973085165024,0.6029048692435026,2.1580027639865875,3.856829524040222,48.32087230682373,0.3020996227860451,0.4185384288430214,4.705912262201309,0.08,,
ok,core_short,parity3,fixedK_lattice,core_parity3_K64_D2x_L4_S0,0,3072,2048,4096,5,10,5,1,64,4,6262,512,"[[64, 64], [64, 64], [64, 64], [64, 64]]",60,60,4.4208598136901855,0.49697816371917725,0.7666015625,0.6024050116539001,0.6865234375,0.6301778256893158,0.673583984375,0.6024050116539001,0.6865234375,0.673583984375,0.093017578125,0.19090604782104492,4.204366445541382,3.4165371730923653,0.20305541809648275,0.04029860720038414,0.46917346119880676,0.09135261736810207,0.5707103153690696,2.0842613577842712,4.1817604303359985,70.55386447906494,0.2762207165360451,0.39514976367354393,4.172425210475922,0.08,,
ok,core_short,parity3,fixedK_lattice,core_parity3_K2_D4x_L4_S0,0,3072,2048,4096,5,20,15,3,2,4,570,16,"[[2, 2], [2, 2], [2, 2], [2, 2]]",56,48,3.968609094619751,0.5401112834612528,0.724609375,0.5631280541419983,0.71630859375,0.5584589838981628,0.7109375,0.5631280541419983,0.71630859375,0.7109375,0.013671875,0.03959918022155762,3.901292324066162,1.9569018259644508,0.2887782957404852,0.042227644473314285,0.5725021958351135,0.1804597545415163,0.8503415137529373,2.530591130256653,1.487176775932312,4.479545176029205,0.12373047694563866,0.22893880307674408,1.5491650998592377,0.08,,
ok,core_short,parity3,fixedK_lattice,core_parity3_K4_D4x_L4_S0,0,3072,2048,4096,5,20,15,3,4,4,922,32,"[[4, 4], [4, 4], [4, 4], [4, 4]]",42,34,2.882042169570923,0.262189656496048,0.8971354166666666,0.32393914461135864,0.8671875,0.3265915662050247,0.861328125,0.32393914461135864,0.8671875,0.861328125,0.03580729166666663,0.04708695411682129,2.81306529045105,1.5705616921186447,0.258842121809721,0.06277993321418762,0.49821576476097107,0.17176862247288227,0.7448485195636749,2.245257258415222,2.1204744279384613,8.370569109916687,0.12492676824331284,0.22552898153662682,1.7256025671958923,0.08,,
ok,core_short,parity3,fixedK_lattice,core_parity3_K8_D4x_L4_S0,0,3072,2048,4096,5,20,15,3,8,4,1626,64,"[[8, 8], [8, 8], [8, 8], [8, 8]]",49,41,3.3224244117736816,0.40435080726941425,0.8053385416666666,0.4800441861152649,0.7685546875,0.5095632672309875,0.74365234375,0.4800441861152649,0.7685546875,0.74365234375,0.06168619791666663,0.053446054458618164,3.2450599670410156,1.6719104647636414,0.20553786493837833,0.10807162523269653,0.4969172775745392,0.11396044306457043,0.6588966846466064,2.036302000284195,2.6021141409873962,13.689371585845947,0.12988281808793545,0.20977377519011497,1.723547339439392,0.08,,
ok,core_short,parity3,fixedK_lattice,core_parity3_K16_D4x_L4_S0,0,3072,2048,4096,5,20,15,3,16,4,3034,128,"[[16, 16], [16, 16], [16, 16], [16, 16]]",41,33,2.7678751945495605,0.5046773155530294,0.7454427083333334,0.5966095924377441,0.685546875,0.5996839106082916,0.67431640625,0.5966095924377441,0.685546875,0.67431640625,0.07112630208333337,0.07634544372558594,2.669532299041748,1.9551655277609825,0.19236863031983376,0.06758636981248856,0.4215596616268158,0.08815597742795944,0.7064345479011536,2.2687363624572754,3.134694993495941,23.930696964263916,0.13131511211395264,0.20869141444563866,2.0435744673013687,0.08,,
ok,core_short,parity3,fixedK_lattice,core_parity3_K32_D4x_L4_S0,0,3072,2048,4096,5,20,15,3,32,4,5850,256,"[[32, 32], [32, 32], [32, 32], [32, 32]]",48,40,3.3189804553985596,0.5294222434361776,0.7268880208333334,0.621040940284729,0.66943359375,0.6213210821151733,0.662353515625,0.621040940284729,0.66943359375,0.662353515625,0.06453450520833337,0.11940217018127441,3.170146942138672,4.386749796569347,0.19018391892313957,0.0558059886097908,0.3625437617301941,0.08593137003481388,0.548424206674099,2.082955300807953,3.766081213951111,44.779356479644775,0.12977702729403973,0.2044677808880806,4.779486149549484,0.08,,
ok,core_short,parity3,fixedK_lattice,core_parity3_K64_D4x_L4_S0,0,3072,2048,4096,5,20,15,3,64,4,11482,512,"[[64, 64], [64, 64], [64, 64], [64, 64]]",58,50,4.010897397994995,0.5851472020149231,0.6946614583333334,0.6434487104415894,0.64990234375,0.6555304229259491,0.634033203125,0.6434487104415894,0.64990234375,0.634033203125,0.06062825520833337,0.19586968421936035,3.793123483657837,3.1515503525733948,0.20199763868004084,0.04406088590621948,0.43320703506469727,0.09057091176509857,0.5645892936736345,2.066628396511078,4.336027264595032,79.83933448791504,0.13680013827979565,0.19804688543081284,3.979079470038414,0.08,,
ok,core_short,parity3,fixedK_lattice,core_parity3_K2_D1x_L8_S0,0,3072,2048,4096,5,5,0,0,2,8,348,32,"[[2, 2], [2, 2], [2, 2], [2, 2], [2, 2], [2, 2], [2, 2], [2, 2]]",35,27,3.9194931983947754,0.6363278230031332,0.6529947916666666,0.6560165286064148,0.6181640625,0.6466838717460632,0.63525390625,0.6560165286064148,0.6181640625,0.63525390625,0.01774088541666663,0.07216382026672363,3.8082003593444824,3.7958906814455986,0.24976244242861867,0.04131413251161575,0.6439858675003052,0.08488410711288452,0.6978835803456604,2.4086967408657074,0.9130310565233231,2.9212692826986313,0.5145182646811008,0.9610514342784882,2.7711646780371666,0.08,,
ok,core_short,parity3,fixedK_lattice,core_parity3_K4_D1x_L8_S0,0,3072,2048,4096,5,5,0,0,4,8,572,64,"[[4, 4], [4, 4], [4, 4], [4, 4], [4, 4], [4, 4], [4, 4], [4, 4]]",14,6,1.6568882465362549,0.69293745358785,0.5706380208333334,0.6901609897613525,0.56787109375,0.6922825276851654,0.57177734375,0.6901609897613525,0.56787109375,0.57177734375,-0.0011393229166666297,0.08329606056213379,1.535170555114746,1.5747175440192223,0.2375311804935336,0.06340619921684265,0.5319206118583679,0.0790216913446784,0.987439401447773,2.882489651441574,1.8936864286661148,7.09954434633255,0.5174316763877869,0.9480468854308128,2.518014296889305,0.08,,
ok,core_short,parity3,fixedK_lattice,core_parity3_K8_D1x_L8_S0,0,3072,2048,4096,5,5,0,0,8,8,1020,128,"[[8, 8], [8, 8], [8, 8], [8, 8], [8, 8], [8, 8], [8, 8], [8, 8]]",41,33,4.639157295227051,0.6371674338976542,0.6256510416666666,0.6506541967391968,0.62353515625,0.6556324064731598,0.60888671875,0.6506541967391968,0.62353515625,0.60888671875,0.01676432291666663,0.10226106643676758,4.495710849761963,1.2902008891105652,0.18330674711614847,0.10523174703121185,0.46959272027015686,0.0802199998870492,0.9909497052431107,2.7766088992357254,2.471763253211975,12.154860138893127,0.5145833529531956,0.9286458492279053,1.943710744380951,0.08,,
ok,core_short,parity3,fixedK_lattice,core_parity3_K16_D1x_L8_S0,0,3072,2048,4096,5,5,0,0,16,8,1916,256,"[[16, 16], [16, 16], [16, 16], [16, 16], [16, 16], [16, 16], [16, 16], [16, 16]]",19,11,2.1840579509735107,0.7042828798294067,0.5266927083333334,0.699039101600647,0.53564453125,0.7018716335296631,0.53857421875,0.699039101600647,0.53564453125,0.53857421875,-0.01188151041666663,0.14750432968139648,1.9981098175048828,1.4177119843661785,0.20342410635203123,0.08370698243379593,0.40046215057373047,0.07984803058207035,0.8450137004256248,2.4676455706357956,2.8129213750362396,18.0461403131485,0.49695640057325363,0.9248209744691849,2.405079700052738,0.08,,
ok,core_short,parity3,fixedK_lattice,core_parity3_K32_D1x_L8_S0,0,3072,2048,4096,5,5,0,0,32,8,3708,512,"[[32, 32], [32, 32], [32, 32], [32, 32], [32, 32], [32, 32], [32, 32], [32, 32]]",35,27,4.024523973464966,0.6907842953999838,0.5442708333333334,0.7012192010879517,0.54443359375,0.6891150176525116,0.544677734375,0.7012192010879517,0.54443359375,0.544677734375,-0.00040690104166662966,0.21173787117004395,3.7739720344543457,2.7179362773895264,0.24370776489377022,0.06095680966973305,0.5174359083175659,0.0810523796826601,0.45180553011596203,1.7933331727981567,3.3394857347011566,31.174745798110962,0.5435872636735439,0.9107096418738365,5.896529816091061,0.08,,
ok,core_short,parity3,fixedK_lattice,core_parity3_K64_D1x_L8_S0,0,3072,2048,4096,5,5,0,0,64,8,7292,1024,"[[64, 64], [64, 64], [64, 64], [64, 64], [64, 64], [64, 64], [64, 64], [64, 64]]",33,25,3.8741567134857178,0.6818869113922119,0.5755208333333334,0.6855403184890747,0.5703125,0.6989771127700806,0.56005859375,0.6855403184890747,0.5703125,0.56005859375,0.01546223958333337,0.3509864807128906,3.4847829341888428,1.9281127899885178,0.18298581009730697,0.04617708921432495,0.41557949781417847,0.08004364185035229,0.5014003086835146,1.8175972253084183,3.7795961797237396,50.773905515670776,0.5193685106933117,0.9047200977802277,3.8414196521043777,0.08,,
ok,core_short,parity3,fixedK_lattice,core_parity3_K2_D2x_L8_S0,0,3072,2048,4096,5,10,5,1,2,8,598,32,"[[2, 2], [2, 2], [2, 2], [2, 2], [2, 2], [2, 2], [2, 2], [2, 2]]",14,6,1.686486005783081,0.692752480506897,0.5244140625,0.6929597854614258,0.51904296875,0.6934905648231506,0.51416015625,0.6929597854614258,0.51904296875,0.51416015625,0.01025390625,0.07166814804077148,1.576643466949463,1.5639431029558182,0.251375715713948,0.04890693351626396,0.6404730677604675,0.08256870601326227,1.1217358596622944,3.273114636540413,1.2394728511571884,3.6725527197122574,0.21237793983891606,0.4761962927877903,1.8031590729951859,0.08,,
ok,core_short,parity3,fixedK_lattice,core_parity3_K4_D2x_L8_S0,0,3072,2048,4096,5,10,5,1,4,8,982,64,"[[4, 4], [4, 4], [4, 4], [4, 4], [4, 4], [4, 4], [4, 4], [4, 4]]",14,6,1.6250734329223633,0.7318929433822632,0.5335286458333334,0.7278032302856445,0.5322265625,0.7233893275260925,0.54296875,0.7278032302856445,0.5322265625,0.54296875,-0.00944010416666663,0.08165407180786133,1.504354476928711,1.928643837571144,0.23756907600909472,0.061332400888204575,0.5348443984985352,0.07867441326379776,0.9079370014369488,2.713631436228752,1.9404552280902863,7.200996160507202,0.27027182653546333,0.4745686873793602,2.9917520731687546,0.08,,
ok,core_short,parity3,fixedK_lattice,core_parity3_K8_D2x_L8_S0,0,3072,2048,4096,5,10,5,1,8,8,1750,128,"[[8, 8], [8, 8], [8, 8], [8, 8], [8, 8], [8, 8], [8, 8], [8, 8]]",28,20,3.130563974380493,0.6739526192347208,0.5882161458333334,0.6748977899551392,0.59521484375,0.6738272309303284,0.591552734375,0.6748977899551392,0.59521484375,0.591552734375,-0.0033365885416666297,0.10660147666931152,2.985665798187256,1.4303970858454704,0.18427407555282116,0.10104566812515259,0.4745282828807831,0.0812332360073924,0.9417914412915707,2.679755285382271,2.508004128932953,12.568512678146362,0.2497477363795042,0.4626057967543602,1.9808285012841225,0.08,,
ok,core_short,parity3,fixedK_lattice,core_parity3_K16_D2x_L8_S0,0,3072,2048,4096,5,10,5,1,16,8,3286,256,"[[16, 16], [16, 16], [16, 16], [16, 16], [16, 16], [16, 16], [16, 16], [16, 16]]",9,1,1.157743215560913,0.6921711365381876,0.5582682291666666,0.6971603035926819,0.5439453125,0.6970145106315613,0.537353515625,0.6971603035926819,0.5439453125,0.537353515625,0.02091471354166663,0.15135836601257324,0.968003511428833,1.172079872339964,0.20332509838044643,0.09067939966917038,0.38687214255332947,0.08007846307009459,0.9445018097758293,2.7214513421058655,2.875277489423752,18.970354318618774,0.2770426571369171,0.46861979365348816,2.2936932146549225,0.08,,
ok,core_short,parity3,fixedK_lattice,core_parity3_K32_D2x_L8_S0,0,3072,2048,4096,5,10,5,1,32,8,6358,512,"[[32, 32], [32, 32], [32, 32], [32, 32], [32, 32], [32, 32], [32, 32], [32, 32]]",23,15,2.7559902667999268,0.694652279218038,0.5201822916666666,0.6946845054626465,0.50830078125,0.695790022611618,0.496826171875,0.6946845054626465,0.50830078125,0.496826171875,0.02335611979166663,0.20845246315002441,2.5088279247283936,2.3831847235560417,0.2433375148102641,0.062317315489053726,0.496480256319046,0.08077163808047771,0.5010783188045025,1.8685638755559921,2.9305893778800964,24.236233472824097,0.23921713046729565,0.4508626349270344,4.526789382100105,0.08,,
ok,core_short,parity3,fixedK_lattice,core_parity3_K64_D2x_L8_S0,0,3072,2048,4096,5,10,5,1,64,8,12502,1024,"[[64, 64], [64, 64], [64, 64], [64, 64], [64, 64], [64, 64], [64, 64], [64, 64]]",22,14,2.718066930770874,0.6743890047073364,0.5911458333333334,0.6820487380027771,0.58203125,0.685206413269043,0.566650390625,0.6820487380027771,0.58203125,0.566650390625,0.02449544270833337,0.34787678718566895,2.3319058418273926,1.8263365365564823,0.18298411834985018,0.04746532440185547,0.3913465440273285,0.08007140830159187,0.4988905843347311,1.8113607317209244,3.8596831262111664,53.66045355796814,0.26188152097165585,0.4566894732415676,3.815090835094452,0.08,,
ok,core_short,parity3,fixedK_lattice,core_parity3_K2_D4x_L8_S0,0,3072,2048,4096,5,20,15,3,2,8,1098,32,"[[2, 2], [2, 2], [2, 2], [2, 2], [2, 2], [2, 2], [2, 2], [2, 2]]",15,7,1.702578067779541,0.6932660341262817,0.5192057291666666,0.6912424564361572,0.533203125,0.6926412582397461,0.51611328125,0.6912424564361572,0.533203125,0.51611328125,0.0030924479166666297,0.07239317893981934,1.5918381214141846,2.8500245939940214,0.25218392768874764,0.049473557621240616,0.6573916673660278,0.07506232289597392,0.7139759585261345,2.4055640399456024,0.8625037167221308,2.7524660527706146,0.12810872960835695,0.23994140699505806,2.423753395676613,0.08,,
ok,core_short,parity3,fixedK_lattice,core_parity3_K4_D4x_L8_S0,0,3072,2048,4096,5,20,15,3,4,8,1802,64,"[[4, 4], [4, 4], [4, 4], [4, 4], [4, 4], [4, 4], [4, 4], [4, 4]]",12,4,1.590439796447754,0.6902111768722534,0.572265625,0.6910707950592041,0.5625,0.694637656211853,0.532470703125,0.6910707950592041,0.5625,0.532470703125,0.039794921875,0.08189201354980469,1.460012674331665,1.610372893512249,0.2382213743403554,0.0631280317902565,0.5378579497337341,0.07861036155372858,0.9865724816918373,2.899104505777359,1.9950641095638275,7.527801930904388,0.13587647024542093,0.2370402030646801,2.6083581373095512,0.08,,
ok,core_short,parity3,fixedK_lattice,core_parity3_K8_D4x_L8_S0,0,3072,2048,4096,5,20,15,3,8,8,3210,128,"[[8, 8], [8, 8], [8, 8], [8, 8], [8, 8], [8, 8], [8, 8], [8, 8]]",33,25,4.022562742233276,0.6480674743652344,0.6266276041666666,0.6566424369812012,0.60693359375,0.6538764238357544,0.62060546875,0.6566424369812012,0.60693359375,0.62060546875,0.00602213541666663,0.1226053237915039,3.8554224967956543,1.2620410919189453,0.18229704443365335,0.10034637153148651,0.48290732502937317,0.08831935003399849,0.9766434654593468,2.7438632547855377,2.3805589079856873,11.179465174674988,0.1291381921619177,0.2312296573072672,1.9218202903866768,0.08,,
ok,core_short,parity3,fixedK_lattice,core_parity3_K16_D4x_L8_S0,0,3072,2048,4096,5,20,15,3,16,8,6026,256,"[[16, 16], [16, 16], [16, 16], [16, 16], [16, 16], [16, 16], [16, 16], [16, 16]]",19,11,2.251155376434326,0.692534347375234,0.5302734375,0.6898757219314575,0.55322265625,0.6908250749111176,0.53955078125,0.6898757219314575,0.55322265625,0.53955078125,-0.00927734375,0.15029501914978027,2.0602071285247803,1.386392842978239,0.20325202401727438,0.08672887831926346,0.4012349843978882,0.07999826408922672,0.818886537104845,2.4030467569828033,2.924614816904068,19.692593932151794,0.12777914013713598,0.23184814676642418,2.475255198776722,0.08,,
ok,core_short,parity3,fixedK_lattice,core_parity3_K32_D4x_L8_S0,0,3072,2048,4096,5,20,15,3,32,8,11658,512,"[[32, 32], [32, 32], [32, 32], [32, 32], [32, 32], [32, 32], [32, 32], [32, 32]]",11,3,1.5147314071655273,0.8031264344851176,0.5081380208333334,0.7865639328956604,0.53564453125,0.8141599297523499,0.50244140625,0.7865639328956604,0.53564453125,0.50244140625,0.00569661458333337,0.22463393211364746,1.2521100044250488,1.902698427438736,0.24384024739265442,0.0642407163977623,0.4663865268230438,0.0798601508140564,0.645669661462307,2.0708712488412857,3.2456109821796417,29.481139421463013,0.13133952673524618,0.23234456591308117,4.273713909089565,0.08,,
ok,core_short,parity3,fixedK_lattice,core_parity3_K64_D4x_L8_S0,0,3072,2048,4096,5,20,15,3,64,8,22922,1024,"[[64, 64], [64, 64], [64, 64], [64, 64], [64, 64], [64, 64], [64, 64], [64, 64]]",25,17,3.054647445678711,0.6792601346969604,0.5807291666666666,0.6957919001579285,0.5556640625,0.6955604553222656,0.551025390625,0.6957919001579285,0.5556640625,0.551025390625,0.02970377604166663,0.3451073169708252,2.6706063747406006,1.9982018247246742,0.18300884868949652,0.046968694776296616,0.3916943371295929,0.0801021121442318,0.5017097629606724,1.8215907663106918,3.7102906703948975,48.79069137573242,0.12379558011889458,0.22447917703539133,3.6148626506328583,0.08,,
ok,core_short,parity5,fixedK_lattice,core_parity5_K2_D1x_L2_S0,0,3072,2048,4096,5,5,0,0,2,2,96,8,"[[2, 2], [2, 2]]",34,26,1.5788345336914062,0.6839908560117086,0.5553385416666666,0.6879929304122925,0.55126953125,0.688238799571991,0.542724609375,0.6879929304122925,0.55126953125,0.542724609375,0.01261393229166663,0.01979231834411621,1.5427043437957764,0.4354442358016968,0.4452667385339737,0.1984446793794632,0.8787396550178528,0.1977425441145897,1.2156766057014465,3.4005666971206665,1.2844356894493103,3.8854384422302246,0.4759765863418579,0.772916704416275,0.7164238393306732,0.08,,
ok,core_short,parity5,fixedK_lattice,core_parity5_K4_D1x_L2_S0,0,3072,2048,4096,5,5,0,0,4,2,152,16,"[[4, 4], [4, 4]]",60,57,3.0451784133911133,0.625529964764913,0.6529947916666666,0.6699117422103882,0.6064453125,0.6794706881046295,0.594482421875,0.6699117422103882,0.6064453125,0.594482421875,0.05851236979166663,0.02467632293701172,3.004260540008545,1.0610275715589523,0.2946445792913437,0.10560718923807144,0.628797173500061,0.2536037638783455,0.7539086639881134,2.159661829471588,1.9459457397460938,7.14749813079834,0.5044922232627869,0.7840495109558105,1.220643937587738,0.08,,
ok,core_short,parity5,fixedK_lattice,core_parity5_K8_D1x_L2_S0,0,3072,2048,4096,5,5,0,0,8,2,264,32,"[[8, 8], [8, 8]]",53,45,2.7447164058685303,0.5853937069574991,0.6904296875,0.6484066843986511,0.642578125,0.6520780324935913,0.627685546875,0.6484066843986511,0.642578125,0.627685546875,0.062744140625,0.031013965606689453,2.6977946758270264,1.0564546883106232,0.2516023889183998,0.09107451140880585,0.4700191020965576,0.22186172753572464,0.7438288778066635,2.187553822994232,2.594587802886963,13.415209770202637,0.4667968899011612,0.7158854603767395,1.1364039182662964,0.08,,
ok,core_short,parity5,fixedK_lattice,core_parity5_K16_D1x_L2_S0,0,3072,2048,4096,5,5,0,0,16,2,488,64,"[[16, 16], [16, 16]]",27,19,1.3630728721618652,0.5577943722407023,0.708984375,0.6430426836013794,0.63330078125,0.657868504524231,0.609130859375,0.6430426836013794,0.63330078125,0.609130859375,0.099853515625,0.042812347412109375,1.3057358264923096,1.2247893512248993,0.23062817379832268,0.09034263342618942,0.4068855345249176,0.09683462232351303,0.8381727933883667,2.5105507373809814,3.390970826148987,29.7534122467041,0.5063151270151138,0.6954427361488342,1.198856681585312,0.08,,
ok,core_short,parity5,fixedK_lattice,core_parity5_K32_D1x_L2_S0,0,3072,2048,4096,5,5,0,0,32,2,936,128,"[[32, 32], [32, 32]]",19,11,1.073650598526001,0.5623026092847189,0.7184244791666666,0.669727623462677,0.61328125,0.6708076298236847,0.5966796875,0.669727623462677,0.61328125,0.5966796875,0.12174479166666663,0.061072587966918945,0.9987542629241943,1.982380136847496,0.19468676298856735,0.06056039035320282,0.34845036268234253,0.0821879543364048,0.8736272156238556,2.8558226823806763,4.026438474655151,56.44635772705078,0.483723983168602,0.6365234702825546,1.739121437072754,0.08,,
ok,core_short,parity5,fixedK_lattice,core_parity5_K64_D1x_L2_S0,0,3072,2048,4096,5,5,0,0,64,2,1832,256,"[[64, 64], [64, 64]]",25,17,1.3049590587615967,0.3911910653114319,0.8251953125,0.7598289251327515,0.6318359375,0.7651532888412476,0.627685546875,0.7598289251327515,0.6318359375,0.627685546875,0.197509765625,0.10072064399719238,1.183300495147705,2.712582752108574,0.16059456020593643,0.04366064816713333,0.29505079984664917,0.0820644274353981,0.8353844881057739,2.7083754539489746,4.640264511108398,104.86788940429688,0.5484375357627869,0.6749349236488342,2.3856161534786224,0.08,,
ok,core_short,parity5,fixedK_lattice,core_parity5_K2_D2x_L2_S0,0,3072,2048,4096,5,10,5,1,2,2,166,8,"[[2, 2], [2, 2]]",33,25,1.6685171127319336,0.6828498840332031,0.560546875,0.689797580242157,0.5576171875,0.688539445400238,0.53955078125,0.689797580242157,0.5576171875,0.53955078125,0.02099609375,0.024855852127075195,1.6288397312164307,0.48006367683410645,0.4559811055660248,0.17216286063194275,0.7477068901062012,0.15069067105650902,1.1849152445793152,3.490588903427124,1.6849781274795532,5.394498586654663,0.2595052123069763,0.3720703274011612,0.7630141973495483,0.08,,
ok,core_short,parity5,fixedK_lattice,core_parity5_K4_D2x_L2_S0,0,3072,2048,4096,5,10,5,1,4,2,262,16,"[[4, 4], [4, 4]]",53,45,2.4578161239624023,0.6425285339355469,0.6272786458333334,0.6766202449798584,0.59423828125,0.6764099299907684,0.578857421875,0.6766202449798584,0.59423828125,0.578857421875,0.04842122395833337,0.02784109115600586,2.415649652481079,0.8616916835308075,0.3103356584906578,0.13495215773582458,0.596572995185852,0.24917662888765335,0.8168234527111053,2.29929381608963,2.047710120677948,7.809899091720581,0.2647135481238365,0.39212241768836975,1.0928330719470978,0.08,,
ok,core_short,parity5,fixedK_lattice,core_parity5_K8_D2x_L2_S0,0,3072,2048,4096,5,10,5,1,8,2,454,32,"[[8, 8], [8, 8]]",33,25,1.5165941715240479,0.6075406471888224,0.6552734375,0.6541950106620789,0.609375,0.6558030545711517,0.596923828125,0.6541950106620789,0.609375,0.596923828125,0.058349609375,0.03195786476135254,1.4702425003051758,0.9755233824253082,0.26526667922735214,0.10923861712217331,0.5142423510551453,0.1468510851264,0.8462295532226562,2.449420690536499,2.6783623695373535,14.561500549316406,0.25322267413139343,0.3536783903837204,1.0802273452281952,0.08,,
ok,core_short,parity5,fixedK_lattice,core_parity5_K16_D2x_L2_S0,0,3072,2048,4096,5,10,5,1,16,2,838,64,"[[16, 16], [16, 16]]",49,41,2.309720277786255,0.4801223675409953,0.7532552083333334,0.6271786093711853,0.677734375,0.6563761532306671,0.65283203125,0.6271786093711853,0.677734375,0.65283203125,0.10042317708333337,0.04195666313171387,2.2529101371765137,1.6835450381040573,0.21623877063393593,0.07755859941244125,0.4049331247806549,0.13955767080187798,0.7179812788963318,2.2118382453918457,3.3677257299423218,29.018139839172363,0.24130861461162567,0.33564454317092896,1.5690191388130188,0.08,,
ok,core_short,parity5,fixedK_lattice,core_parity5_K32_D2x_L2_S0,0,3072,2048,4096,5,10,5,1,32,2,1606,128,"[[32, 32], [32, 32]]",25,17,1.2179679870605469,0.48102198044459027,0.7574869791666666,0.7036746740341187,0.630859375,0.6733928620815277,0.625732421875,0.7036746740341187,0.630859375,0.625732421875,0.13175455729166663,0.0611262321472168,1.1416738033294678,2.0704228281974792,0.1890515312552452,0.053358208388090134,0.35007965564727783,0.08329587802290916,0.8181960582733154,2.6203423738479614,4.027694344520569,56.36689758300781,0.2583658918738365,0.3333984464406967,1.8497171998023987,0.08,,
ok,core_short,parity5,fixedK_lattice,core_parity5_K64_D2x_L2_S0,0,3072,2048,4096,5,10,5,1,64,2,3142,256,"[[64, 64], [64, 64]]",21,13,1.2223215103149414,0.4097612301508586,0.8050130208333334,0.7184147238731384,0.64208984375,0.7432496547698975,0.613037109375,0.7184147238731384,0.64208984375,0.613037109375,0.19197591145833337,0.10998725891113281,1.0965237617492676,3.0456809997558594,0.1609169151633978,0.044073499739170074,0.3014671206474304,0.08230743557214737,0.8395452946424484,2.7209078073501587,4.633740425109863,103.84261322021484,0.25524088740348816,0.32060548663139343,2.5931636691093445,0.08,,
ok,core_short,parity5,fixedK_lattice,core_parity5_K2_D4x_L2_S0,0,3072,2048,4096,5,20,15,3,2,2,306,8,"[[2, 2], [2, 2]]",54,46,2.7492287158966064,0.6593465606371561,0.6012369791666666,0.6787015199661255,0.57373046875,0.6807292103767395,0.5732421875,0.6787015199661255,0.57373046875,0.5732421875,0.02799479166666663,0.03103470802307129,2.7016472816467285,0.8311629295349121,0.3943585380911827,0.13924239575862885,0.8638332486152649,0.34416183829307556,0.6605684012174606,2.0030449628829956,1.1076883375644684,3.147424817085266,0.11422526836395264,0.19739584624767303,1.1602242588996887,0.08,,
ok,core_short,parity5,fixedK_lattice,core_parity5_K4_D4x_L2_S0,0,3072,2048,4096,5,20,15,3,4,2,482,16,"[[4, 4], [4, 4]]",60,52,2.829896926879883,0.6299437284469604,0.6490885416666666,0.6666204929351807,0.61279296875,0.67665696144104,0.58984375,0.6666204929351807,0.61279296875,0.58984375,0.05924479166666663,0.027527570724487305,2.7813963890075684,0.9842511117458344,0.3010287657380104,0.11867689341306686,0.5354682803153992,0.2804017588496208,0.6915987282991409,2.082909941673279,2.059900939464569,7.888219833374023,0.1262207105755806,0.19990235567092896,1.262152373790741,0.08,,
ok,core_short,parity5,fixedK_lattice,core_parity5_K8_D4x_L2_S0,0,3072,2048,4096,5,20,15,3,8,2,834,32,"[[8, 8], [8, 8]]",29,21,1.4454069137573242,0.6317601203918457,0.6399739583333334,0.6553820371627808,0.60595703125,0.6662073135375977,0.582763671875,0.6553820371627808,0.60595703125,0.582763671875,0.05721028645833337,0.031201839447021484,1.4002268314361572,0.9380938708782196,0.2692495435476303,0.10612136870622635,0.48146507143974304,0.13708259910345078,0.8259330093860626,2.4002503752708435,2.6806732416152954,14.602781295776367,0.1266276091337204,0.18126628547906876,1.0655422806739807,0.08,,
ok,core_short,parity5,fixedK_lattice,core_parity5_K16_D4x_L2_S0,0,3072,2048,4096,5,20,15,3,16,2,1538,64,"[[16, 16], [16, 16]]",35,27,1.6309478282928467,0.5211800734202067,0.7278645833333334,0.6367332339286804,0.65185546875,0.6523799002170563,0.625732421875,0.6367332339286804,0.65185546875,0.625732421875,0.10213216145833337,0.04268360137939453,1.5735819339752197,1.4503499269485474,0.22193660587072372,0.07908795028924942,0.41499218344688416,0.1161421425640583,0.75380739569664,2.2958121299743652,3.3916001319885254,29.725086212158203,0.12351888418197632,0.16832683235406876,1.4162780940532684,0.08,,
ok,core_short,parity5,fixedK_lattice,core_parity5_K32_D4x_L2_S0,0,3072,2048,4096,5,20,15,3,32,2,2946,128,"[[32, 32], [32, 32]]",46,38,2.2112560272216797,0.4020756085713704,0.80859375,0.727213442325592,0.6494140625,0.719121515750885,0.651123046875,0.727213442325592,0.6494140625,0.651123046875,0.157470703125,0.06060385704040527,2.134645700454712,2.6913506239652634,0.18192064762115479,0.04749380424618721,0.35213717818260193,0.11106541380286217,0.75144924223423,2.432206869125366,4.0344356298446655,56.74176216125488,0.13180339336395264,0.16656901687383652,2.4293634593486786,0.08,,
ok,core_short,parity5,fixedK_lattice,core_parity5_K64_D4x_L2_S0,0,3072,2048,4096,5,20,15,3,64,2,5762,256,"[[64, 64], [64, 64]]",31,23,1.4946815967559814,0.34634101390838623,0.8421223958333334,0.7774085402488708,0.64794921875,0.7913716435432434,0.63232421875,0.7774085402488708,0.64794921875,0.63232421875,0.20979817708333337,0.09846878051757812,1.3805851936340332,3.1623712480068207,0.15846083126962185,0.04188390448689461,0.29695576429367065,0.08690699189901352,0.7983510717749596,2.631221830844879,4.6452720165252686,105.126953125,0.13409831374883652,0.16546224430203438,2.707363247871399,0.08,,
ok,core_short,parity5,fixedK_lattice,core_parity5_K2_D1x_L4_S0,0,3072,2048,4096,5,5,0,0,2,4,180,16,"[[2, 2], [2, 2], [2, 2], [2, 2]]",49,41,3.2665581703186035,0.6801498730977377,0.5670572916666666,0.6833633184432983,0.5751953125,0.6927866637706757,0.54150390625,0.6833633184432983,0.5751953125,0.54150390625,0.02555338541666663,0.04152512550354004,3.203068971633911,1.3560755215585232,0.3315161047503352,0.046997349709272385,0.6914429068565369,0.09654052276164293,1.1903598234057426,3.527533382177353,1.2900471687316895,3.7489156126976013,0.42851565033197403,0.9133463650941849,1.1750210970640182,0.08,,
ok,core_short,parity5,fixedK_lattice,core_parity5_K4_D1x_L4_S0,0,3072,2048,4096,5,5,0,0,4,4,292,32,"[[4, 4], [4, 4], [4, 4], [4, 4]]",25,17,1.8863914012908936,0.6708470980326334,0.5970052083333334,0.6842478513717651,0.56884765625,0.6901417374610901,0.552978515625,0.6842478513717651,0.56884765625,0.552978515625,0.04402669270833337,0.04656362533569336,1.8181958198547363,1.4454030841588974,0.27035968378186226,0.0753108486533165,0.5537652969360352,0.07629366777837276,1.173042505979538,3.5547242760658264,1.8358484208583832,6.899430572986603,0.5340169668197632,0.894856795668602,1.2843369841575623,0.08,,
ok,core_short,parity5,fixedK_lattice,core_parity5_K8_D1x_L4_S0,0,3072,2048,4096,5,5,0,0,8,4,516,64,"[[8, 8], [8, 8], [8, 8], [8, 8]]",44,36,3.354409694671631,0.6161283453305563,0.6608072916666666,0.6792354583740234,0.59228515625,0.7009279429912567,0.566650390625,0.6792354583740234,0.59228515625,0.566650390625,0.09415690104166663,0.05817008018493652,3.274054527282715,1.3192093595862389,0.21079417504370213,0.10408519953489304,0.47286662459373474,0.10833301022648811,0.91024100035429,2.6570630371570587,2.615232825279236,13.841952323913574,0.5351237282156944,0.8741536736488342,1.452591747045517,0.08,,
ok,core_short,parity5,fixedK_lattice,core_parity5_K16_D1x_L4_S0,0,3072,2048,4096,5,5,0,0,16,4,964,128,"[[16, 16], [16, 16], [16, 16], [16, 16]]",54,46,3.6213293075561523,0.6215258439381918,0.6419270833333334,0.6777756214141846,0.59912109375,0.7032574713230133,0.558837890625,0.6777756214141846,0.59912109375,0.558837890625,0.08308919270833337,0.07578849792480469,3.523103713989258,1.4181408882141113,0.19615607149899006,0.06894803792238235,0.4214348793029785,0.09296172484755516,0.8652108311653137,2.628793954849243,3.155428647994995,24.42389488220215,0.5455729365348816,0.8484700620174408,1.594831109046936,0.08,,
ok,core_short,parity5,fixedK_lattice,core_parity5_K32_D1x_L4_S0,0,3072,2048,4096,5,5,0,0,32,4,1860,256,"[[32, 32], [32, 32], [32, 32], [32, 32]]",23,15,1.6320431232452393,0.6857070128122965,0.55078125,0.6884019374847412,0.5458984375,0.6912490725517273,0.53173828125,0.6884019374847412,0.5458984375,0.53173828125,0.01904296875,0.11606740951538086,1.4935808181762695,3.8727388232946396,0.17814479116350412,0.04742217808961868,0.3564103841781616,0.0808683205395937,0.6747059803456068,2.332496851682663,3.812743365764618,46.63975811004639,0.4723958596587181,0.8667969107627869,3.083139717578888,0.08,,
ok,core_short,parity5,fixedK_lattice,core_parity5_K64_D1x_L4_S0,0,3072,2048,4096,5,5,0,0,64,4,3652,512,"[[64, 64], [64, 64], [64, 64], [64, 64]]",17,9,1.3781938552856445,0.756794810295105,0.5576171875,0.7692580223083496,0.52685546875,0.7714507579803467,0.5185546875,0.7692580223083496,0.52685546875,0.5185546875,0.0390625,0.19181084632873535,1.164304256439209,2.442571133375168,0.18986945040524006,0.04695262759923935,0.35561373829841614,0.08009018190205097,0.6538334637880325,2.2528543770313263,4.3219722509384155,80.10191249847412,0.5150716528296471,0.801790401339531,3.207346484065056,0.08,,
ok,core_short,parity5,fixedK_lattice,core_parity5_K2_D2x_L4_S0,0,3072,2048,4096,5,10,5,1,2,4,310,16,"[[2, 2], [2, 2], [2, 2], [2, 2]]",28,20,1.862999439239502,0.6853065689404806,0.5553385416666666,0.6873306632041931,0.55224609375,0.6910518407821655,0.5283203125,0.6873306632041931,0.55224609375,0.5283203125,0.02701822916666663,0.039363861083984375,1.80198073387146,1.4536035433411598,0.3538680635392666,0.04812543839216232,0.7197132110595703,0.08379236422479153,1.2522923797369003,3.6783843636512756,0.8624053187668324,2.8450853526592255,0.24269207194447517,0.44625651091337204,1.4898771047592163,0.08,,
ok,core_short,parity5,fixedK_lattice,core_parity5_K4_D2x_L4_S0,0,3072,2048,4096,5,10,5,1,4,4,502,32,"[[4, 4], [4, 4], [4, 4], [4, 4]]",40,32,2.719780206680298,0.6377574602762858,0.6328125,0.6763515472412109,0.5830078125,0.6842364370822906,0.564208984375,0.6763515472412109,0.5830078125,0.564208984375,0.068603515625,0.048085689544677734,2.64431095123291,1.3029851540923119,0.26135876774787903,0.07115022838115692,0.6039961576461792,0.1051979623734951,1.0515139549970627,3.220373213291168,2.061781644821167,7.994982957839966,0.25418295711278915,0.4516438841819763,1.3217204064130783,0.08,,
ok,core_short,parity5,fixedK_lattice,core_parity5_K8_D2x_L4_S0,0,3072,2048,4096,5,10,5,1,8,4,886,64,"[[8, 8], [8, 8], [8, 8], [8, 8]]",22,14,1.5230491161346436,0.6432344317436218,0.6490885416666666,0.6800709366798401,0.578125,0.6815948188304901,0.576171875,0.6800709366798401,0.578125,0.576171875,0.07291666666666663,0.056148529052734375,1.4441938400268555,1.0856299549341202,0.2149092424660921,0.11129799485206604,0.4671153128147125,0.08027678169310093,1.0803753435611725,3.054678797721863,2.677841305732727,14.62466049194336,0.28276368975639343,0.4373209774494171,1.2757640033960342,0.08,,
ok,core_short,parity5,fixedK_lattice,core_parity5_K16_D2x_L4_S0,0,3072,2048,4096,5,10,5,1,16,4,1654,128,"[[16, 16], [16, 16], [16, 16], [16, 16]]",22,14,1.5186264514923096,0.6615593036015829,0.6015625,0.6729394197463989,0.5849609375,0.6948748230934143,0.5283203125,0.6729394197463989,0.5849609375,0.5283203125,0.0732421875,0.07247114181518555,1.4234414100646973,1.3756612539291382,0.19845980405807495,0.07804834097623825,0.40910962224006653,0.080217145383358,0.9934387505054474,2.924833983182907,3.1704423427581787,24.630216598510742,0.26193035766482353,0.42786458879709244,1.5008341073989868,0.08,,
ok,core_short,parity5,fixedK_lattice,core_parity5_K32_D2x_L4_S0,0,3072,2048,4096,5,10,5,1,32,4,3190,256,"[[32, 32], [32, 32], [32, 32], [32, 32]]",16,8,1.2098171710968018,0.6854709982872009,0.5553385416666666,0.6923664212226868,0.5517578125,0.6928802132606506,0.53662109375,0.6923664212226868,0.5517578125,0.53662109375,0.01871744791666663,0.11631178855895996,1.0622968673706055,3.3417646437883377,0.17862454894930124,0.047249652445316315,0.3484492003917694,0.08129929192364216,0.7022618278861046,2.3908573985099792,3.821134924888611,47.0608606338501,0.29033205658197403,0.4305175952613354,3.615562677383423,0.08,,
ok,core_short,parity5,fixedK_lattice,core_parity5_K64_D2x_L4_S0,0,3072,2048,4096,5,10,5,1,64,4,6262,512,"[[64, 64], [64, 64], [64, 64], [64, 64]]",44,36,3.374218463897705,0.6207903027534485,0.6510416666666666,0.6890091896057129,0.5947265625,0.6974945068359375,0.57470703125,0.6890091896057129,0.5947265625,0.57470703125,0.07633463541666663,0.21462535858154297,3.1332998275756836,3.715735785663128,0.18813813291490078,0.04215409234166145,0.4018895924091339,0.08508460037410259,0.5476518757641315,2.1155085265636444,4.506598234176636,92.13628768920898,0.3055827021598816,0.4204101786017418,4.847524911165237,0.08,,
ok,core_short,parity5,fixedK_lattice,core_parity5_K2_D4x_L4_S0,0,3072,2048,4096,5,20,15,3,2,4,570,16,"[[2, 2], [2, 2], [2, 2], [2, 2]]",37,29,2.674459457397461,0.6710992256800333,0.5771484375,0.6753823757171631,0.5888671875,0.683782309293747,0.56396484375,0.6753823757171631,0.5888671875,0.56396484375,0.01318359375,0.041800498962402344,2.6099793910980225,1.7602104060351849,0.34536352287977934,0.04331297427415848,0.69581538438797,0.09622660838067532,1.0681172013282776,3.146183729171753,1.2090988010168076,3.719290643930435,0.11667481064796448,0.22369791939854622,1.6049379408359528,0.08,,
ok,core_short,parity5,fixedK_lattice,core_parity5_K4_D4x_L4_S0,0,3072,2048,4096,5,20,15,3,4,4,922,32,"[[4, 4], [4, 4], [4, 4], [4, 4]]",39,31,2.6541411876678467,0.6588879227638245,0.6197916666666666,0.6872724294662476,0.5693359375,0.6916463077068329,0.557373046875,0.6872724294662476,0.5693359375,0.557373046875,0.06241861979166663,0.04453134536743164,2.5879831314086914,1.2635971903800964,0.2617479246109724,0.07183703780174255,0.6102910041809082,0.09846150875091553,0.9484912008047104,2.9118601083755493,2.015423834323883,7.537433862686157,0.12534180469810963,0.22266439348459244,1.2663657665252686,0.08,,
ok,core_short,parity5,fixedK_lattice,core_parity5_K8_D4x_L4_S0,0,3072,2048,4096,5,20,15,3,8,4,1626,64,"[[8, 8], [8, 8], [8, 8], [8, 8]]",16,8,1.139775037765503,0.6764070192972819,0.6188151041666666,0.6839346289634705,0.5751953125,0.6872590780258179,0.549560546875,0.6839346289634705,0.5751953125,0.549560546875,0.06925455729166663,0.05685687065124512,1.0539705753326416,0.9407862275838852,0.21978562325239182,0.12021121382713318,0.46125462651252747,0.08004932850599289,1.1576961129903793,3.268357813358307,2.7093024849891663,15.049783945083618,0.13666993007063866,0.21914063021540642,1.1558618545532227,0.08,,
ok,core_short,parity5,fixedK_lattice,core_parity5_K16_D4x_L4_S0,0,3072,2048,4096,5,20,15,3,16,4,3034,128,"[[16, 16], [16, 16], [16, 16], [16, 16]]",26,18,1.8652534484863281,0.6394854784011841,0.6331380208333334,0.6890589594841003,0.57958984375,0.6924070715904236,0.56396484375,0.6890589594841003,0.57958984375,0.56396484375,0.06917317708333337,0.07558274269104004,1.7669999599456787,1.4948410391807556,0.19551999680697918,0.06762480735778809,0.408840537071228,0.08461112901568413,0.8678487092256546,2.619768053293228,3.1994113326072693,25.186480045318604,0.1359049528837204,0.21078288182616234,1.6577250957489014,0.08,,
ok,core_short,parity5,fixedK_lattice,core_parity5_K32_D4x_L4_S0,0,3072,2048,4096,5,20,15,3,32,4,5850,256,"[[32, 32], [32, 32], [32, 32], [32, 32]]",39,31,2.616591691970825,0.6418254375457764,0.6253255208333334,0.6866196393966675,0.57470703125,0.6868701279163361,0.564208984375,0.6866196393966675,0.57470703125,0.564208984375,0.06111653645833337,0.11381959915161133,2.4808287620544434,4.298101596534252,0.17590639740228653,0.04159599915146828,0.364048033952713,0.08127342350780964,0.6060784962028265,2.1860607266426086,3.7904350757598877,45.83860158920288,0.1409912183880806,0.20783692598342896,4.537834823131561,0.08,,
ok,core_short,parity5,fixedK_lattice,core_parity5_K64_D4x_L4_S0,0,3072,2048,4096,5,20,15,3,64,4,11482,512,"[[64, 64], [64, 64], [64, 64], [64, 64]]",15,7,1.2532479763031006,0.6957221627235413,0.5172526041666666,0.6955191493034363,0.52197265625,0.6962353885173798,0.5068359375,0.6955191493034363,0.52197265625,0.5068359375,0.01041666666666663,0.1888129711151123,1.04264235496521,2.349819540977478,0.19000217597931623,0.04810291528701782,0.3530846834182739,0.07946153357625008,0.6986966915428638,2.3295313119888306,4.338686227798462,81.17174625396729,0.13242188468575478,0.21201173029839993,2.9844619035720825,0.08,,
ok,core_short,parity5,fixedK_lattice,core_parity5_K2_D1x_L8_S0,0,3072,2048,4096,5,5,0,0,2,8,348,32,"[[2, 2], [2, 2], [2, 2], [2, 2], [2, 2], [2, 2], [2, 2], [2, 2]]",15,7,1.7230043411254883,0.6929513216018677,0.5048828125,0.6940241456031799,0.51220703125,0.6933056116104126,0.5,0.6940241456031799,0.51220703125,0.5,0.0048828125,0.07226705551147461,1.611710548400879,1.3474021255970001,0.24548089364543557,0.049543533474206924,0.6584862470626831,0.08001614455133677,1.3442417234182358,3.9392851293087006,1.1205882485955954,3.4632376730442047,0.5017252899706364,0.9671061262488365,1.8697188049554825,0.08,,
ok,core_short,parity5,fixedK_lattice,core_parity5_K4_D1x_L8_S0,0,3072,2048,4096,5,5,0,0,4,8,572,64,"[[4, 4], [4, 4], [4, 4], [4, 4], [4, 4], [4, 4], [4, 4], [4, 4]]",16,8,1.8623461723327637,0.7094698945681254,0.5113932291666666,0.7046419382095337,0.5302734375,0.7096879780292511,0.524169921875,0.7046419382095337,0.5302734375,0.524169921875,-0.01277669270833337,0.08335518836975098,1.7311427593231201,4.204857360571623,0.23297601751983166,0.04936312884092331,0.5482189059257507,0.07925255969166756,0.705331235891208,2.4797743409872055,1.1629920601844788,4.068442761898041,0.5590332336723804,0.945263683795929,4.145426943898201,0.08,,
ok,core_short,parity5,fixedK_lattice,core_parity5_K8_D1x_L8_S0,0,3072,2048,4096,5,5,0,0,8,8,1020,128,"[[8, 8], [8, 8], [8, 8], [8, 8], [8, 8], [8, 8], [8, 8], [8, 8]]",17,9,2.000615358352661,0.6864255666732788,0.546875,0.6910938024520874,0.53857421875,0.6960881948471069,0.50048828125,0.6910938024520874,0.53857421875,0.50048828125,0.04638671875,0.10559582710266113,1.8557970523834229,1.1257511153817177,0.19108716491609812,0.09624791145324707,0.45997533202171326,0.08089533355087042,1.209725335240364,3.430095374584198,2.5732972621917725,13.466804027557373,0.5383789464831352,0.9391113296151161,1.9037530347704887,0.08,,
ok,core_short,parity5,fixedK_lattice,core_parity5_K16_D1x_L8_S0,0,3072,2048,4096,5,5,0,0,16,8,1916,256,"[[16, 16], [16, 16], [16, 16], [16, 16], [16, 16], [16, 16], [16, 16], [16, 16]]",28,20,3.207789421081543,0.696285088857015,0.5328776041666666,0.6993454694747925,0.54296875,0.7015773952007294,0.509033203125,0.6993454694747925,0.54296875,0.509033203125,0.02384440104166663,0.13890647888183594,3.031313419342041,1.7491275258362293,0.2017704271711409,0.046261586248874664,0.41338464617729187,0.08103058766573668,0.9081047140061855,2.6872575730085373,2.797458902001381,18.45159262418747,0.5260742455720901,0.9291992262005806,2.702209271490574,0.08,,
ok,core_short,parity5,fixedK_lattice,core_parity5_K32_D1x_L8_S0,0,3072,2048,4096,5,5,0,0,32,8,3708,512,"[[32, 32], [32, 32], [32, 32], [32, 32], [32, 32], [32, 32], [32, 32], [32, 32]]",20,12,2.3702003955841064,0.7185777425765991,0.501953125,0.7134480476379395,0.521484375,0.7341973781585693,0.508056640625,0.7134480476379395,0.521484375,0.508056640625,-0.006103515625,0.21669483184814453,2.114283800125122,3.461789522320032,0.2701852507889271,0.04611959680914879,0.8141971230506897,0.08036972302943468,0.5482493916060776,1.9423060566186905,3.1693727672100067,28.461209297180176,0.4771810211241245,0.9223470352590084,5.900279119610786,0.08,,
ok,core_short,parity5,fixedK_lattice,core_parity5_K64_D1x_L8_S0,0,3072,2048,4096,5,5,0,0,64,8,7292,1024,"[[64, 64], [64, 64], [64, 64], [64, 64], [64, 64], [64, 64], [64, 64], [64, 64]]",40,32,4.67396879196167,0.7066975831985474,0.544921875,0.7361864447593689,0.53857421875,0.7278117537498474,0.52001953125,0.7361864447593689,0.53857421875,0.52001953125,0.02490234375,0.3453214168548584,4.28402853012085,3.200174517929554,0.1929106069728732,0.04275650158524513,0.3877510130405426,0.08165381383150816,0.4262409438379109,1.742678314447403,4.162610560655594,67.48049640655518,0.46765952184796333,0.9145670831203461,5.13455905765295,0.08,,
ok,core_short,parity5,fixedK_lattice,core_parity5_K2_D2x_L8_S0,0,3072,2048,4096,5,10,5,1,2,8,598,32,"[[2, 2], [2, 2], [2, 2], [2, 2], [2, 2], [2, 2], [2, 2], [2, 2]]",10,2,1.196150779724121,0.6932313442230225,0.5162760416666666,0.6924359798431396,0.5263671875,0.6943047940731049,0.509033203125,0.6924359798431396,0.5263671875,0.509033203125,0.00724283854166663,0.07142758369445801,1.085575819015503,1.280446331948042,0.24463319359347224,0.05041675642132759,0.6566936373710632,0.0794310187920928,1.4090498685836792,4.144742667675018,1.2761205732822418,3.7736538648605347,0.2436279458925128,0.4781494177877903,1.6476576998829842,0.08,,
ok,core_short,parity5,fixedK_lattice,core_parity5_K4_D2x_L8_S0,0,3072,2048,4096,5,10,5,1,4,8,982,64,"[[4, 4], [4, 4], [4, 4], [4, 4], [4, 4], [4, 4], [4, 4], [4, 4]]",9,1,1.1030232906341553,0.750443160533905,0.4973958333333333,0.7466112375259399,0.5009765625,0.7482261061668396,0.49462890625,0.7466112375259399,0.5009765625,0.49462890625,0.002766927083333315,0.08194756507873535,0.9824678897857666,1.3695160746574402,0.2323724660091102,0.049848396331071854,0.542714536190033,0.080150012858212,1.074403427541256,3.1491695642471313,1.9493739157915115,7.207007050514221,0.2662353664636612,0.47265625,2.40792179107666,0.08,,
ok,core_short,parity5,fixedK_lattice,core_parity5_K8_D2x_L8_S0,0,3072,2048,4096,5,10,5,1,8,8,1750,128,"[[8, 8], [8, 8], [8, 8], [8, 8], [8, 8], [8, 8], [8, 8], [8, 8]]",11,3,1.3285179138183594,0.6951839923858643,0.5074869791666666,0.6942828893661499,0.51806640625,0.6959333121776581,0.4990234375,0.6942828893661499,0.51806640625,0.4990234375,0.00846354166666663,0.10797929763793945,1.182816743850708,1.1945314668118954,0.19077104702591896,0.09882190823554993,0.4583958387374878,0.08014478348195553,1.1144621968269348,3.1485148668289185,2.5214071571826935,13.077519059181213,0.26630046777427197,0.4687662832438946,1.990268498659134,0.08,,
ok,core_short,parity5,fixedK_lattice,core_parity5_K16_D2x_L8_S0,0,3072,2048,4096,5,10,5,1,16,8,3286,256,"[[16, 16], [16, 16], [16, 16], [16, 16], [16, 16], [16, 16], [16, 16], [16, 16]]",16,8,1.9788146018981934,0.7002269824345907,0.5055338541666666,0.6937066912651062,0.52294921875,0.7005518972873688,0.500732421875,0.6937066912651062,0.52294921875,0.500732421875,0.00480143229166663,0.1403031349182129,1.7906990051269531,1.620570968836546,0.20074964687228203,0.048380691558122635,0.39982736110687256,0.07858670875430107,0.9570398405194283,2.735900104045868,2.858250766992569,18.756585121154785,0.26110841520130634,0.4666503965854645,2.6898664608597755,0.08,,
ok,core_short,parity5,fixedK_lattice,core_parity5_K32_D2x_L8_S0,0,3072,2048,4096,5,10,5,1,32,8,6358,512,"[[32, 32], [32, 32], [32, 32], [32, 32], [32, 32], [32, 32], [32, 32], [32, 32]]",16,8,1.9797759056091309,0.7796582380930582,0.5305989583333334,0.77810138463974,0.53369140625,0.8012178540229797,0.515380859375,0.77810138463974,0.53369140625,0.515380859375,0.01521809895833337,0.23048782348632812,1.7034425735473633,4.544481996446848,0.26977589074522257,0.04798569157719612,0.8086044192314148,0.07984315790235996,0.5904431007802486,1.9833761304616928,2.8961203396320343,24.207807779312134,0.22067058086395264,0.45820312947034836,5.555440127849579,0.08,,
ok,core_short,parity5,fixedK_lattice,core_parity5_K64_D2x_L8_S0,0,3072,2048,4096,5,10,5,1,64,8,12502,1024,"[[64, 64], [64, 64], [64, 64], [64, 64], [64, 64], [64, 64], [64, 64], [64, 64]]",11,3,1.550156593322754,0.8054281075795492,0.5166015625,0.8075286149978638,0.51513671875,0.8173538148403168,0.50146484375,0.8075286149978638,0.51513671875,0.50146484375,0.01513671875,0.35729503631591797,1.1548175811767578,2.1536295153200626,0.19321370963007212,0.049460697919130325,0.3653150498867035,0.07980578020215034,0.5650318302214146,1.9515997171401978,3.796406328678131,52.13601589202881,0.2730875816196203,0.463680025190115,4.15304434299469,0.08,,
ok,core_short,parity5,fixedK_lattice,core_parity5_K2_D4x_L8_S0,0,3072,2048,4096,5,20,15,3,2,8,1098,32,"[[2, 2], [2, 2], [2, 2], [2, 2], [2, 2], [2, 2], [2, 2], [2, 2]]",12,4,1.4037103652954102,0.6922992666562399,0.5237630208333334,0.6926435828208923,0.52587890625,0.6916694641113281,0.52880859375,0.6926435828208923,0.52587890625,0.52880859375,-0.00504557291666663,0.06713080406188965,1.297149658203125,2.086805058643222,0.24430107045918703,0.049942538142204285,0.6471760869026184,0.08019346371293068,1.2981133311986923,3.819117024540901,0.7430248751770705,2.556596487760544,0.12613933067768812,0.23844807967543602,1.9267814308404922,0.08,,
ok,core_short,parity5,fixedK_lattice,core_parity5_K4_D4x_L8_S0,0,3072,2048,4096,5,20,15,3,4,8,1802,64,"[[4, 4], [4, 4], [4, 4], [4, 4], [4, 4], [4, 4], [4, 4], [4, 4]]",10,2,1.1922800540924072,0.6985655426979065,0.4983723958333333,0.6979188323020935,0.50830078125,0.6955168843269348,0.508544921875,0.6979188323020935,0.50830078125,0.508544921875,-0.010172526041666685,0.0837712287902832,1.0707066059112549,1.812073227018118,0.23222183575853705,0.04952487722039223,0.5449752807617188,0.07909386325627565,1.0376766473054886,3.070244088768959,1.9236531108617783,7.035381257534027,0.13883871026337147,0.23635254055261612,2.6814300045371056,0.08,,
ok,core_short,parity5,fixedK_lattice,core_parity5_K8_D4x_L8_S0,0,3072,2048,4096,5,20,15,3,8,8,3210,128,"[[8, 8], [8, 8], [8, 8], [8, 8], [8, 8], [8, 8], [8, 8], [8, 8]]",42,34,4.667245388031006,0.6816903352737427,0.5595703125,0.6858785152435303,0.56396484375,0.6877630949020386,0.541015625,0.6858785152435303,0.56396484375,0.541015625,0.0185546875,0.1037895679473877,4.526033878326416,1.1639085933566093,0.18829994555562735,0.089469775557518,0.4655015766620636,0.08072129916399717,1.0153650641441345,2.8297698199748993,2.4821541905403137,12.295968532562256,0.13435059320181608,0.23249511793255806,1.9036045745015144,0.08,,
ok,core_short,parity5,fixedK_lattice,core_parity5_K16_D4x_L8_S0,0,3072,2048,4096,5,20,15,3,16,8,6026,256,"[[16, 16], [16, 16], [16, 16], [16, 16], [16, 16], [16, 16], [16, 16], [16, 16]]",24,16,2.71539306640625,0.690649668375651,0.5436197916666666,0.6925568580627441,0.54150390625,0.6983267962932587,0.52734375,0.6925568580627441,0.54150390625,0.52734375,0.01627604166666663,0.14141511917114258,2.5291426181793213,1.6198731735348701,0.2014404940418899,0.04655410349369049,0.40827858448028564,0.0815492020919919,0.8616862297058105,2.519636392593384,2.6768311709165573,16.85752373933792,0.13740235101431608,0.23321940377354622,2.6532252579927444,0.08,,
ok,core_short,parity5,fixedK_lattice,core_parity5_K32_D4x_L8_S0,0,3072,2048,4096,5,20,15,3,32,8,11658,512,"[[32, 32], [32, 32], [32, 32], [32, 32], [32, 32], [32, 32], [32, 32], [32, 32]]",16,8,2.04038143157959,0.7281097173690796,0.517578125,0.7230626344680786,0.53173828125,0.7472571432590485,0.490478515625,0.7230626344680786,0.53173828125,0.490478515625,0.027099609375,0.219254732131958,1.7770869731903076,2.7142884396016598,0.26929168216884136,0.04680029675364494,0.7777144312858582,0.0797977028414607,0.5572688579559326,1.9440625309944153,3.0262101888656616,26.357324361801147,0.12584229186177254,0.23104655370116234,5.489278823137283,0.08,,
ok,core_short,parity5,fixedK_lattice,core_parity5_K64_D4x_L8_S0,0,3072,2048,4096,5,20,15,3,64,8,22922,1024,"[[64, 64], [64, 64], [64, 64], [64, 64], [64, 64], [64, 64], [64, 64], [64, 64]]",21,13,2.614961862564087,0.6897409955660502,0.5455729166666666,0.6935765147209167,0.541015625,0.6998518407344818,0.50927734375,0.6935765147209167,0.541015625,0.50927734375,0.03629557291666663,0.3501579761505127,2.225367784500122,2.30528686568141,0.1961005567573011,0.047616880387067795,0.37865614891052246,0.07961093354970217,0.4736785739660263,1.8047174662351608,4.1155727207660675,65.01678085327148,0.12798666208982468,0.22791749145835638,4.600568234920502,0.08,,
ok,core_short,periodic4,fixedK_lattice,core_periodic4_K2_D1x_L2_S0,0,3072,2048,4096,5,5,0,0,2,2,96,8,"[[2, 2], [2, 2]]",16,8,0.75728440284729,0.6929136315981547,0.5061848958333334,0.6924088001251221,0.52880859375,0.6936206817626953,0.494384765625,0.6924088001251221,0.52880859375,0.494384765625,0.01180013020833337,0.026679277420043945,0.7099685668945312,0.4183143228292465,0.44875022768974304,0.24512609839439392,0.670328676700592,0.09391874447464943,1.626886010169983,5.095390558242798,1.558122992515564,4.749905824661255,0.5826172232627869,0.7469401210546494,0.578192800283432,0.08,,
ok,core_short,periodic4,fixedK_lattice,core_periodic4_K4_D1x_L2_S0,0,3072,2048,4096,5,5,0,0,4,2,152,16,"[[4, 4], [4, 4]]",15,7,0.7363467216491699,0.6927064458529154,0.513671875,0.6939208507537842,0.51318359375,0.6956928670406342,0.49072265625,0.6939208507537842,0.51318359375,0.49072265625,0.02294921875,0.024251461029052734,0.6985890865325928,0.5514633655548096,0.3621675968170166,0.18681412935256958,0.552297055721283,0.08536506444215775,1.562449038028717,4.858165621757507,2.1432766914367676,8.531130313873291,0.5187500417232513,0.7912109792232513,0.6250492036342621,0.08,,
ok,core_short,periodic4,fixedK_lattice,core_periodic4_K8_D1x_L2_S0,0,3072,2048,4096,5,5,0,0,8,2,264,32,"[[8, 8], [8, 8]]",9,1,0.46457886695861816,0.6932737032572428,0.5133463541666666,0.6956167221069336,0.51123046875,0.6944535374641418,0.503662109375,0.6956167221069336,0.51123046875,0.503662109375,0.00968424479166663,0.03051161766052246,0.42077040672302246,0.5834564119577408,0.3106372207403183,0.1640985906124115,0.4597140848636627,0.08175631985068321,1.4511960744857788,4.394503831863403,2.7470521926879883,15.622244358062744,0.5706380605697632,0.7607422471046448,0.7410905957221985,0.08,,
ok,core_short,periodic4,fixedK_lattice,core_periodic4_K16_D1x_L2_S0,0,3072,2048,4096,5,5,0,0,16,2,488,64,"[[16, 16], [16, 16]]",26,18,1.3055052757263184,0.6619305610656738,0.6025390625,0.7058713436126709,0.52490234375,0.7049786746501923,0.51416015625,0.7058713436126709,0.52490234375,0.51416015625,0.08837890625,0.04214811325073242,1.2491459846496582,0.953453779220581,0.24284286051988602,0.09335160255432129,0.40937721729278564,0.08084257319569588,0.9599840641021729,2.894320249557495,3.3985079526901245,29.98578929901123,0.5368489921092987,0.6873698383569717,1.0251589119434357,0.08,,
ok,core_short,periodic4,fixedK_lattice,core_periodic4_K32_D1x_L2_S0,0,3072,2048,4096,5,5,0,0,32,2,936,128,"[[32, 32], [32, 32]]",10,2,0.546485185623169,0.7058579723040262,0.5192057291666666,0.7162219882011414,0.52734375,0.7218874096870422,0.49951171875,0.7162219882011414,0.52734375,0.49951171875,0.01969401041666663,0.06014299392700195,0.47137928009033203,1.8424506485462189,0.20385672897100449,0.06447194516658783,0.3497805893421173,0.0797625221312046,1.09331014752388,3.4516395330429077,4.068223714828491,58.64541435241699,0.4645182490348816,0.602083370089531,1.5732097029685974,0.08,,
ok,core_short,periodic4,fixedK_lattice,core_periodic4_K64_D1x_L2_S0,0,3072,2048,4096,5,5,0,0,64,2,1832,256,"[[64, 64], [64, 64]]",30,22,1.4493732452392578,0.4795459310213725,0.7607421875,0.8838037252426147,0.53662109375,0.908643901348114,0.516845703125,0.8838037252426147,0.53662109375,0.516845703125,0.243896484375,0.1006920337677002,1.333240270614624,2.541961058974266,0.16347532719373703,0.04369693249464035,0.3144715130329132,0.08305187523365021,0.9078859090805054,2.9584237337112427,4.63751745223999,104.22662353515625,0.5335937738418579,0.6738281548023224,2.08067125082016,0.08,,
ok,core_short,periodic4,fixedK_lattice,core_periodic4_K2_D2x_L2_S0,0,3072,2048,4096,5,10,5,1,2,2,166,8,"[[2, 2], [2, 2]]",9,1,0.5410857200622559,0.6929318308830261,0.5123697916666666,0.6926653385162354,0.5185546875,0.6935523450374603,0.49365234375,0.6926653385162354,0.5185546875,0.49365234375,0.01871744791666663,0.022249937057495117,0.5018472671508789,0.4250967353582382,0.4506615102291107,0.2578783631324768,0.6434993147850037,0.08061893284320831,1.6336164474487305,5.126362323760986,1.7099940180778503,5.5324931144714355,0.28492841124534607,0.3989908993244171,0.6034997999668121,0.08,,
ok,core_short,periodic4,fixedK_lattice,core_periodic4_K4_D2x_L2_S0,0,3072,2048,4096,5,10,5,1,4,2,262,16,"[[4, 4], [4, 4]]",18,10,0.8402671813964844,0.6909498373667399,0.5250651041666666,0.6939256191253662,0.51318359375,0.6949838399887085,0.493896484375,0.6939256191253662,0.51318359375,0.493896484375,0.03116861979166663,0.023967504501342773,0.801954984664917,0.5472358614206314,0.3556739315390587,0.1818656474351883,0.5434569716453552,0.07801532372832298,1.4680898189544678,4.419735312461853,2.1156898736953735,8.295831680297852,0.2827148586511612,0.3879557400941849,0.687285304069519,0.08,,
ok,core_short,periodic4,fixedK_lattice,core_periodic4_K8_D2x_L2_S0,0,3072,2048,4096,5,10,5,1,8,2,454,32,"[[8, 8], [8, 8]]",12,4,0.589303731918335,0.6916367212931315,0.5237630208333334,0.6957926750183105,0.49365234375,0.6962491273880005,0.491455078125,0.6957926750183105,0.49365234375,0.491455078125,0.03230794270833337,0.02911233901977539,0.5455307960510254,0.5840709209442139,0.3105158880352974,0.15821172297000885,0.4657231867313385,0.08056594431400299,1.4409273266792297,4.341477155685425,2.749646306037903,15.658360958099365,0.2616536617279053,0.36380210518836975,0.7006724774837494,0.08,,
ok,core_short,periodic4,fixedK_lattice,core_periodic4_K16_D2x_L2_S0,0,3072,2048,4096,5,10,5,1,16,2,838,64,"[[16, 16], [16, 16]]",9,1,0.48139381408691406,0.6911951303482056,0.5283203125,0.694846510887146,0.5078125,0.6961200833320618,0.48779296875,0.694846510887146,0.5078125,0.48779296875,0.04052734375,0.0414583683013916,0.4257786273956299,0.7909919023513794,0.2496003545820713,0.10818985849618912,0.3942995071411133,0.0802907682955265,1.045086145401001,3.1813693046569824,3.4173351526260376,30.53523349761963,0.29993492364883423,0.37301434576511383,0.9189698398113251,0.08,,
ok,core_short,periodic4,fixedK_lattice,core_periodic4_K32_D2x_L2_S0,0,3072,2048,4096,5,10,5,1,32,2,1606,128,"[[32, 32], [32, 32]]",10,2,0.5419306755065918,0.6863385041554769,0.5563151041666666,0.7040112018585205,0.509765625,0.7042433321475983,0.5078125,0.7040112018585205,0.509765625,0.5078125,0.04850260416666663,0.06015515327453613,0.46729302406311035,1.599992573261261,0.2042103074491024,0.06477090716362,0.35088297724723816,0.08003902435302734,1.0730091333389282,3.4339640736579895,4.077310800552368,59.1466064453125,0.2876953259110451,0.36315105110406876,1.4225042760372162,0.08,,
ok,core_short,periodic4,fixedK_lattice,core_periodic4_K64_D2x_L2_S0,0,3072,2048,4096,5,10,5,1,64,2,3142,256,"[[64, 64], [64, 64]]",20,12,1.1058106422424316,0.5524492462476095,0.7106119791666666,0.7778083086013794,0.529296875,0.7825789749622345,0.513427734375,0.7778083086013794,0.529296875,0.513427734375,0.19718424479166663,0.10263419151306152,0.9867544174194336,2.4775442481040955,0.16484797932207584,0.04490978643298149,0.3079530596733093,0.08046054467558861,0.9176085889339447,3.036873519420624,4.63328742980957,104.02535247802734,0.2649739682674408,0.3241536617279053,2.1142091751098633,0.08,,
ok,core_short,periodic4,fixedK_lattice,core_periodic4_K2_D4x_L2_S0,0,3072,2048,4096,5,20,15,3,2,2,306,8,"[[2, 2], [2, 2]]",60,57,2.806272506713867,0.6918158133824667,0.5094401041666666,0.69256991147995,0.517578125,0.6947144865989685,0.489990234375,0.69256991147995,0.517578125,0.489990234375,0.01944986979166663,0.021862506866455078,2.7675728797912598,0.43378063291311264,0.4732355400919914,0.16660520434379578,0.8759729266166687,0.17450688034296036,1.3352779150009155,3.835849404335022,1.3920549154281616,4.027395844459534,0.12594401463866234,0.20055339485406876,0.5995544493198395,0.08,,
ok,core_short,periodic4,fixedK_lattice,core_periodic4_K4_D4x_L2_S0,0,3072,2048,4096,5,20,15,3,4,2,482,16,"[[4, 4], [4, 4]]",9,1,0.4794912338256836,0.6925426721572876,0.5133463541666666,0.6926764845848083,0.513671875,0.693728506565094,0.494140625,0.6926764845848083,0.513671875,0.494140625,0.01920572916666663,0.026758909225463867,0.4385361671447754,0.5432030260562897,0.3669244945049286,0.19118575751781464,0.5484263896942139,0.0802105963230133,1.5342193841934204,4.7871105670928955,2.1566357612609863,8.644783973693848,0.14163412153720856,0.1952311247587204,0.6801998913288116,0.08,,
ok,core_short,periodic4,fixedK_lattice,core_periodic4_K8_D4x_L2_S0,0,3072,2048,4096,5,20,15,3,8,2,834,32,"[[8, 8], [8, 8]]",11,3,0.5668127536773682,0.6929387450218201,0.51171875,0.6933308839797974,0.50927734375,0.6938075721263885,0.500244140625,0.6933308839797974,0.50927734375,0.500244140625,0.011474609375,0.031568288803100586,0.5202147960662842,0.5740838050842285,0.31003475934267044,0.16046568751335144,0.4691310524940491,0.08366045728325844,1.4473932981491089,4.37481153011322,2.737823724746704,15.489161968231201,0.1405436247587204,0.18842774629592896,0.7133849859237671,0.08,,
ok,core_short,periodic4,fixedK_lattice,core_periodic4_K16_D4x_L2_S0,0,3072,2048,4096,5,20,15,3,16,2,1538,64,"[[16, 16], [16, 16]]",9,1,0.48087430000305176,0.6917892098426819,0.5227864583333334,0.6926524043083191,0.5205078125,0.696465790271759,0.494384765625,0.6926524043083191,0.5205078125,0.494384765625,0.02840169270833337,0.040162086486816406,0.42248010635375977,0.7998186945915222,0.24937138333916664,0.10840139538049698,0.3937276601791382,0.08049528300762177,1.0487976670265198,3.1808984875679016,3.420567750930786,30.623318672180176,0.14749349653720856,0.1854655034840107,0.9192346930503845,0.08,,
ok,core_short,periodic4,fixedK_lattice,core_periodic4_K32_D4x_L2_S0,0,3072,2048,4096,5,20,15,3,32,2,2946,128,"[[32, 32], [32, 32]]",13,5,0.6780619621276855,0.6771017710367838,0.5784505208333334,0.6977008581161499,0.501953125,0.6985645294189453,0.494384765625,0.6977008581161499,0.501953125,0.494384765625,0.08406575520833337,0.06352543830871582,0.5995118618011475,1.6379051953554153,0.2026197463274002,0.06231779232621193,0.35537877678871155,0.07856712117791176,1.0048640072345734,3.2645344734191895,4.07101571559906,58.769752502441406,0.13295898959040642,0.1701660230755806,1.4951630234718323,0.08,,
ok,core_short,periodic4,fixedK_lattice,core_periodic4_K64_D4x_L2_S0,0,3072,2048,4096,5,20,15,3,64,2,5762,256,"[[64, 64], [64, 64]]",10,2,0.5909683704376221,0.6726028124491373,0.5830078125,0.6989461183547974,0.52392578125,0.7055605053901672,0.49169921875,0.6989461183547974,0.52392578125,0.49169921875,0.09130859375,0.10085225105285645,0.4727902412414551,2.113922044634819,0.16694106347858906,0.048919785767793655,0.29045167565345764,0.08018379285931587,0.973329171538353,3.1645830273628235,4.657422304153442,106.54558181762695,0.12657878547906876,0.16238607466220856,1.6512151956558228,0.08,,
ok,core_short,periodic4,fixedK_lattice,core_periodic4_K2_D1x_L4_S0,0,3072,2048,4096,5,5,0,0,2,4,180,16,"[[2, 2], [2, 2], [2, 2], [2, 2]]",9,1,0.673011064529419,0.7047550876935323,0.509765625,0.7108632922172546,0.4951171875,0.7056843042373657,0.505615234375,0.7108632922172546,0.4951171875,0.505615234375,0.004150390625,0.03937339782714844,0.6117215156555176,1.5695825181901455,0.31951363664120436,0.04928407445549965,0.6436319947242737,0.08123628795146942,1.3359356820583344,3.985168159008026,1.4166588336229324,4.294664621353149,0.4904948100447655,0.906933605670929,1.6388853043317795,0.08,,
ok,core_short,periodic4,fixedK_lattice,core_periodic4_K4_D1x_L4_S0,0,3072,2048,4096,5,5,0,0,4,4,292,32,"[[4, 4], [4, 4], [4, 4], [4, 4]]",21,13,1.5068871974945068,0.6859940489133199,0.5524088541666666,0.6929150223731995,0.52294921875,0.6948749125003815,0.494873046875,0.6929150223731995,0.52294921875,0.494873046875,0.05753580729166663,0.04638934135437012,1.4383692741394043,0.9217897951602936,0.2684292159974575,0.08455485850572586,0.5499864816665649,0.0796670001000166,1.2934191524982452,3.7770360112190247,2.11620032787323,8.328506469726562,0.5657552480697632,0.8963216245174408,1.1127377599477768,0.08,,
ok,core_short,periodic4,fixedK_lattice,core_periodic4_K8_D1x_L4_S0,0,3072,2048,4096,5,5,0,0,8,4,516,64,"[[8, 8], [8, 8], [8, 8], [8, 8]]",15,7,1.0710041522979736,0.6873841484387716,0.5572916666666666,0.693014919757843,0.5166015625,0.6954169869422913,0.49853515625,0.693014919757843,0.5166015625,0.49853515625,0.05875651041666663,0.056899309158325195,0.9919803142547607,0.962453804910183,0.2266276255249977,0.10733301192522049,0.47583481669425964,0.08069426938891411,1.3004083931446075,3.7913737893104553,2.607913613319397,13.759336471557617,0.4999349117279053,0.8772461116313934,1.1330655217170715,0.08,,
ok,core_short,periodic4,fixedK_lattice,core_periodic4_K16_D1x_L4_S0,0,3072,2048,4096,5,5,0,0,16,4,964,128,"[[16, 16], [16, 16], [16, 16], [16, 16]]",10,2,0.7673745155334473,0.6953172286351522,0.5208333333333334,0.6999915838241577,0.52294921875,0.7087400555610657,0.489013671875,0.6999915838241577,0.52294921875,0.489013671875,0.03181966145833337,0.0756983757019043,0.6683378219604492,1.0697969049215317,0.20142907835543156,0.10796119272708893,0.39672544598579407,0.08051400631666183,1.0981815159320831,3.1882676780223846,3.200614333152771,25.20573663711548,0.5412435233592987,0.8687500208616257,1.329300120472908,0.08,,
ok,core_short,periodic4,fixedK_lattice,core_periodic4_K32_D1x_L4_S0,0,3072,2048,4096,5,5,0,0,32,4,1860,256,"[[32, 32], [32, 32], [32, 32], [32, 32]]",18,10,1.3055028915405273,0.7025551597277323,0.4794921875,0.7013623118400574,0.5185546875,0.7021835744380951,0.50537109375,0.7013623118400574,0.5185546875,0.50537109375,-0.02587890625,0.11800289154052734,1.1660161018371582,3.3641692996025085,0.1799668511375785,0.04830803722143173,0.35752323269844055,0.0811897199600935,0.7788494750857353,2.5896280109882355,3.6052191257476807,40.726853370666504,0.4604492373764515,0.8454101830720901,2.360808253288269,0.08,,
ok,core_short,periodic4,fixedK_lattice,core_periodic4_K64_D1x_L4_S0,0,3072,2048,4096,5,5,0,0,64,4,3652,512,"[[64, 64], [64, 64], [64, 64], [64, 64]]",10,2,0.9276304244995117,0.8078985214233398,0.5126953125,0.8328816890716553,0.50048828125,0.8131133615970612,0.5,0.8328816890716553,0.50048828125,0.5,0.0126953125,0.18822741508483887,0.7157144546508789,1.6153322905302048,0.21016006357967854,0.04929381608963013,0.3793410360813141,0.08022869750857353,0.8659996390342712,2.668526768684387,4.078442811965942,71.01818513870239,0.5288737118244171,0.8397786840796471,2.4286294281482697,0.08,,
ok,core_short,periodic4,fixedK_lattice,core_periodic4_K2_D2x_L4_S0,0,3072,2048,4096,5,10,5,1,2,4,310,16,"[[2, 2], [2, 2], [2, 2], [2, 2]]",9,1,0.6659033298492432,0.6930628418922424,0.5035807291666666,0.6934311389923096,0.5146484375,0.6944484710693359,0.49755859375,0.6934311389923096,0.5146484375,0.49755859375,0.00602213541666663,0.040274858474731445,0.6029229164123535,1.4625124149024487,0.3201309721916914,0.04964381828904152,0.6472793817520142,0.0778023861348629,1.3503481149673462,4.029667675495148,1.1946515440940857,3.97379469871521,0.25647787749767303,0.4550781324505806,1.4511372596025467,0.08,,
ok,core_short,periodic4,fixedK_lattice,core_periodic4_K4_D2x_L4_S0,0,3072,2048,4096,5,10,5,1,4,4,502,32,"[[4, 4], [4, 4], [4, 4], [4, 4]]",12,4,0.8474247455596924,0.6916183034578959,0.5276692708333334,0.692438006401062,0.5244140625,0.6951031684875488,0.49560546875,0.692438006401062,0.5244140625,0.49560546875,0.03206380208333337,0.04408550262451172,0.781477689743042,0.951353169977665,0.2722241934388876,0.08655992150306702,0.554100751876831,0.08287398517131805,1.3486441671848297,4.042968511581421,2.0456700325012207,7.828649163246155,0.28797201812267303,0.44283854216337204,1.1804156601428986,0.08,,
ok,core_short,periodic4,fixedK_lattice,core_periodic4_K8_D2x_L4_S0,0,3072,2048,4096,5,10,5,1,8,4,886,64,"[[8, 8], [8, 8], [8, 8], [8, 8]]",16,8,1.1307346820831299,0.6840161283810934,0.5667317708333334,0.6924268007278442,0.5185546875,0.6952632069587708,0.50341796875,0.6924268007278442,0.5185546875,0.50341796875,0.06331380208333337,0.058149099349975586,1.0425755977630615,1.0412014797329903,0.2244840245693922,0.1062704548239708,0.473037451505661,0.08168371208012104,1.1903036385774612,3.4709835052490234,2.7066431641578674,15.013984680175781,0.2675618603825569,0.4388997480273247,1.1738736927509308,0.08,,
ok,core_short,periodic4,fixedK_lattice,core_periodic4_K16_D2x_L4_S0,0,3072,2048,4096,5,10,5,1,16,4,1654,128,"[[16, 16], [16, 16], [16, 16], [16, 16]]",10,2,0.7720694541931152,0.6980487108230591,0.5149739583333334,0.7008757591247559,0.5146484375,0.7066044807434082,0.496337890625,0.7008757591247559,0.5146484375,0.496337890625,0.01863606770833337,0.07604050636291504,0.6731343269348145,0.9866619184613228,0.2015798781067133,0.107989601790905,0.3967244029045105,0.08013742230832577,1.0983324646949768,3.1707781851291656,3.220036566257477,25.58046293258667,0.2753092609345913,0.4360351637005806,1.2717501521110535,0.08,,
ok,core_short,periodic4,fixedK_lattice,core_periodic4_K32_D2x_L4_S0,0,3072,2048,4096,5,10,5,1,32,4,3190,256,"[[32, 32], [32, 32], [32, 32], [32, 32]]",13,5,0.9795403480529785,0.7023603916168213,0.5205078125,0.7138746976852417,0.51416015625,0.7153792977333069,0.501708984375,0.7138746976852417,0.51416015625,0.501708984375,0.018798828125,0.11467766761779785,0.8427484035491943,2.9947111159563065,0.1797601031139493,0.04894830286502838,0.35370421409606934,0.08080054447054863,0.7696728520095348,2.5528995990753174,3.7037423849105835,43.675246715545654,0.28585613518953323,0.4216959774494171,3.0577462166547775,0.08,,
ok,core_short,periodic4,fixedK_lattice,core_periodic4_K64_D2x_L4_S0,0,3072,2048,4096,5,10,5,1,64,4,6262,512,"[[64, 64], [64, 64], [64, 64], [64, 64]]",13,5,1.1129579544067383,0.7110458413759867,0.5159505208333334,0.7201762199401855,0.51025390625,0.7187953293323517,0.49267578125,0.7201762199401855,0.51025390625,0.49267578125,0.02327473958333337,0.18467998504638672,0.9046015739440918,1.7892046347260475,0.21008289232850075,0.04826198145747185,0.3893718123435974,0.0796224270015955,0.8342872858047485,2.621795028448105,4.175539195537567,73.12184047698975,0.2706705890595913,0.4285319223999977,2.639291763305664,0.08,,
ok,core_short,periodic4,fixedK_lattice,core_periodic4_K2_D4x_L4_S0,0,3072,2048,4096,5,20,15,3,2,4,570,16,"[[2, 2], [2, 2], [2, 2], [2, 2]]",9,1,0.6874582767486572,0.6928708950678507,0.5133463541666666,0.6932523846626282,0.5126953125,0.6936443448066711,0.493896484375,0.6932523846626282,0.5126953125,0.493896484375,0.01944986979166663,0.038361310958862305,0.6270954608917236,0.7583151757717133,0.3194221584126353,0.05029889941215515,0.6418750286102295,0.07957448065280914,1.4671820402145386,4.405895233154297,1.4768536686897278,4.697251498699188,0.1019938187673688,0.22704264521598816,0.8235943764448166,0.08,,
ok,core_short,periodic4,fixedK_lattice,core_periodic4_K4_D4x_L4_S0,0,3072,2048,4096,5,20,15,3,4,4,922,32,"[[4, 4], [4, 4], [4, 4], [4, 4]]",29,21,2.2827517986297607,0.684277335802714,0.5579427083333334,0.696418285369873,0.51708984375,0.6959573924541473,0.504150390625,0.696418285369873,0.51708984375,0.504150390625,0.05379231770833337,0.04341936111450195,2.2109146118164062,1.1370364651083946,0.25883431546390057,0.0762413963675499,0.5565926432609558,0.08433855138719082,1.149545967578888,3.3835111260414124,2.050881028175354,7.845770239830017,0.13788249343633652,0.2233886756002903,1.3054832518100739,0.08,,
ok,core_short,periodic4,fixedK_lattice,core_periodic4_K8_D4x_L4_S0,0,3072,2048,4096,5,20,15,3,8,4,1626,64,"[[8, 8], [8, 8], [8, 8], [8, 8]]",21,13,1.621680736541748,0.6769510706265768,0.5869140625,0.6917594075202942,0.5361328125,0.6976108849048615,0.507080078125,0.6917594075202942,0.5361328125,0.507080078125,0.079833984375,0.05610799789428711,1.5400054454803467,0.9360484927892685,0.221770903095603,0.10460028052330017,0.47969886660575867,0.0776116605848074,1.246696561574936,3.613748848438263,2.676501512527466,14.608916521072388,0.13943685591220856,0.2200520858168602,1.163914531469345,0.08,,
ok,core_short,periodic4,fixedK_lattice,core_periodic4_K16_D4x_L4_S0,0,3072,2048,4096,5,20,15,3,16,4,3034,128,"[[16, 16], [16, 16], [16, 16], [16, 16]]",15,7,1.314255952835083,0.6876734693845113,0.5686848958333334,0.6946700811386108,0.50927734375,0.693535715341568,0.49853515625,0.6946700811386108,0.50927734375,0.49853515625,0.07014973958333337,0.07587051391601562,1.2148778438568115,0.976042702794075,0.20187604054808617,0.10544506460428238,0.4033468961715698,0.08070284873247147,1.0479916483163834,3.028711587190628,3.2678645849227905,26.59490203857422,0.13396810553967953,0.21625163219869137,1.248810961842537,0.08,,
ok,core_short,periodic4,fixedK_lattice,core_periodic4_K32_D4x_L4_S0,0,3072,2048,4096,5,20,15,3,32,4,5850,256,"[[32, 32], [32, 32], [32, 32], [32, 32]]",26,18,2.3348002433776855,0.6852088769276937,0.5475260416666666,0.6974740624427795,0.5224609375,0.6997592151165009,0.50634765625,0.6974740624427795,0.5224609375,0.50634765625,0.04117838541666663,0.11443042755126953,2.1896932125091553,3.304824151098728,0.17895975708961487,0.044703368097543716,0.35867953300476074,0.08112938702106476,0.6917037814855576,2.417244106531143,3.6474251747131348,41.58960151672363,0.13848470710217953,0.2089843787252903,3.433519646525383,0.08,,
ok,core_short,periodic4,fixedK_lattice,core_periodic4_K64_D4x_L4_S0,0,3072,2048,4096,5,20,15,3,64,4,11482,512,"[[64, 64], [64, 64], [64, 64], [64, 64]]",23,15,2.3123066425323486,0.6890625953674316,0.5367838541666666,0.6948820948600769,0.51318359375,0.6955543458461761,0.50048828125,0.6948820948600769,0.51318359375,0.50048828125,0.03629557291666663,0.19714760780334473,2.0824639797210693,1.810367189347744,0.20980828255414963,0.04652806371450424,0.3979378938674927,0.07931004092097282,0.7664676159620285,2.4978018403053284,4.155060231685638,71.65891933441162,0.12441406771540642,0.20635580644011497,2.637239307165146,0.08,,
ok,core_short,periodic4,fixedK_lattice,core_periodic4_K2_D1x_L8_S0,0,3072,2048,4096,5,5,0,0,2,8,348,32,"[[2, 2], [2, 2], [2, 2], [2, 2], [2, 2], [2, 2], [2, 2], [2, 2]]",17,9,2.602454900741577,0.6932952801386515,0.5120442708333334,0.6928389072418213,0.51220703125,0.6939406991004944,0.493896484375,0.6928389072418213,0.51220703125,0.493896484375,0.01814778645833337,0.08134794235229492,2.4627230167388916,3.6471368558704853,0.27943824138492346,0.04650053009390831,0.6649139523506165,0.08285593334585428,1.0288195591419935,3.2188865691423416,0.7808756027370691,2.5919453352689743,0.3982422084081918,0.9474934935569763,2.417153686285019,0.08,,
ok,core_short,periodic4,fixedK_lattice,core_periodic4_K4_D1x_L8_S0,0,3072,2048,4096,5,5,0,0,4,8,572,64,"[[4, 4], [4, 4], [4, 4], [4, 4], [4, 4], [4, 4], [4, 4], [4, 4]]",32,24,4.902177095413208,0.6972135504086813,0.513671875,0.6951225996017456,0.5166015625,0.6960132718086243,0.49755859375,0.6951225996017456,0.5166015625,0.49755859375,0.01611328125,0.08298969268798828,4.7295002937316895,2.859421543776989,0.24256710894405842,0.048811402171850204,0.5612549781799316,0.07768174633383751,0.6869419161230326,2.4317235499620438,0.9847630877047777,3.8074586391448975,0.5347982048988342,0.9416015669703484,4.38027711212635,0.08,,
ok,core_short,periodic4,fixedK_lattice,core_periodic4_K8_D1x_L8_S0,0,3072,2048,4096,5,5,0,0,8,8,1020,128,"[[8, 8], [8, 8], [8, 8], [8, 8], [8, 8], [8, 8], [8, 8], [8, 8]]",11,3,1.6967029571533203,0.6940043568611145,0.5061848958333334,0.6965383291244507,0.5166015625,0.6998676061630249,0.494140625,0.6965383291244507,0.5166015625,0.494140625,0.01204427083333337,0.10944890975952148,1.5448246002197266,1.0679498091340065,0.18520202953368425,0.10860127955675125,0.4643741846084595,0.07989244256168604,1.2540670335292816,3.5812469720840454,2.377157524228096,11.376310765743256,0.5272461250424385,0.9400879070162773,1.7898299992084503,0.08,,
ok,core_short,periodic4,fixedK_lattice,core_periodic4_K16_D1x_L8_S0,0,3072,2048,4096,5,5,0,0,16,8,1916,256,"[[16, 16], [16, 16], [16, 16], [16, 16], [16, 16], [16, 16], [16, 16], [16, 16]]",20,12,3.2149031162261963,0.692425529162089,0.5276692708333334,0.6942707300186157,0.515625,0.6957284212112427,0.486083984375,0.6942707300186157,0.515625,0.486083984375,0.04158528645833337,0.14280295372009277,3.027383804321289,1.2153302654623985,0.17432943917810917,0.1031651645898819,0.4045790135860443,0.07886588014662266,1.1576660051941872,3.2920742332935333,2.8971625566482544,19.514665246009827,0.5279134400188923,0.9265625067055225,1.978408008813858,0.08,,
ok,core_short,periodic4,fixedK_lattice,core_periodic4_K32_D1x_L8_S0,0,3072,2048,4096,5,5,0,0,32,8,3708,512,"[[32, 32], [32, 32], [32, 32], [32, 32], [32, 32], [32, 32], [32, 32], [32, 32]]",14,6,2.2132608890533447,0.798093338807424,0.513671875,0.7790391445159912,0.52099609375,0.8217849433422089,0.492919921875,0.7790391445159912,0.52099609375,0.492919921875,0.020751953125,0.22469711303710938,1.9432706832885742,3.4595356956124306,0.27158239437267184,0.047909487038850784,0.7590221166610718,0.0797273525968194,0.5292809717357159,1.9327353835105896,3.1467671394348145,27.72680652141571,0.5726400017738342,0.9088867232203484,7.500614702701569,0.08,,
ok,core_short,periodic4,fixedK_lattice,core_periodic4_K64_D1x_L8_S0,0,3072,2048,4096,5,5,0,0,64,8,7292,1024,"[[64, 64], [64, 64], [64, 64], [64, 64], [64, 64], [64, 64], [64, 64], [64, 64]]",11,3,1.9342176914215088,0.9323256611824036,0.5149739583333334,0.9426466226577759,0.521484375,0.982351541519165,0.497314453125,0.9426466226577759,0.521484375,0.497314453125,0.01765950520833337,0.38681578636169434,1.4915220737457275,2.068297006189823,0.18473438173532486,0.049195531755685806,0.37954631447792053,0.08003094419836998,0.7089640349149704,2.2037036567926407,3.523935377597809,44.7447464466095,0.5370931178331375,0.919173214584589,3.525793120265007,0.08,,
ok,core_short,periodic4,fixedK_lattice,core_periodic4_K2_D2x_L8_S0,0,3072,2048,4096,5,10,5,1,2,8,598,32,"[[2, 2], [2, 2], [2, 2], [2, 2], [2, 2], [2, 2], [2, 2], [2, 2]]",12,4,1.913158893585205,0.7052910327911377,0.5087890625,0.6998293995857239,0.51513671875,0.7059783637523651,0.497802734375,0.6998293995857239,0.51513671875,0.497802734375,0.010986328125,0.07068729400634766,1.7650971412658691,2.9797337725758553,0.28285953775048256,0.049614317715168,0.6510239243507385,0.08143668528646231,1.1375105567276478,3.4139037430286407,1.1549317762255669,3.393979161977768,0.2617513183504343,0.4759684279561043,2.813083238899708,0.08,,
ok,core_short,periodic4,fixedK_lattice,core_periodic4_K4_D2x_L8_S0,0,3072,2048,4096,5,10,5,1,4,8,982,64,"[[4, 4], [4, 4], [4, 4], [4, 4], [4, 4], [4, 4], [4, 4], [4, 4]]",14,6,2.3101377487182617,0.6943913102149963,0.5048828125,0.6929122805595398,0.51953125,0.6945182383060455,0.48876953125,0.6929122805595398,0.51953125,0.48876953125,0.01611328125,0.08915400505065918,2.1630210876464844,2.8617805540561676,0.24457373935729265,0.04971393942832947,0.5592213273048401,0.08071103133261204,0.9315511658787727,2.8525591492652893,1.529698133468628,5.411386713385582,0.2522705215960741,0.4727376326918602,2.982178308069706,0.08,,
ok,core_short,periodic4,fixedK_lattice,core_periodic4_K8_D2x_L8_S0,0,3072,2048,4096,5,10,5,1,8,8,1750,128,"[[8, 8], [8, 8], [8, 8], [8, 8], [8, 8], [8, 8], [8, 8], [8, 8]]",17,9,2.4966559410095215,0.6910406549771627,0.53515625,0.693051815032959,0.513671875,0.6941191256046295,0.5009765625,0.693051815032959,0.513671875,0.5009765625,0.0341796875,0.11165690422058105,2.32694673538208,1.3876558989286423,0.185540066100657,0.10685352236032486,0.4725467264652252,0.08126066531985998,1.1118210852146149,3.2369769364595413,2.260754033923149,10.576435953378677,0.26158041693270206,0.46971843019127846,1.8991670161485672,0.08,,
ok,core_short,periodic4,fixedK_lattice,core_periodic4_K16_D2x_L8_S0,0,3072,2048,4096,5,10,5,1,16,8,3286,256,"[[16, 16], [16, 16], [16, 16], [16, 16], [16, 16], [16, 16], [16, 16], [16, 16]]",12,4,1.9183111190795898,0.6927356719970703,0.5094401041666666,0.6934248805046082,0.52099609375,0.6950597167015076,0.500732421875,0.6934248805046082,0.52099609375,0.500732421875,0.00870768229166663,0.14797258377075195,1.7214560508728027,1.0913967117667198,0.17368573788553476,0.10593459755182266,0.3979911208152771,0.07903617899864912,1.1498077809810638,3.259016826748848,2.9933597445487976,20.751519560813904,0.27265626937150955,0.46450195647776127,1.976997397840023,0.08,,
ok,core_short,periodic4,fixedK_lattice,core_periodic4_K32_D2x_L8_S0,0,3072,2048,4096,5,10,5,1,32,8,6358,512,"[[32, 32], [32, 32], [32, 32], [32, 32], [32, 32], [32, 32], [32, 32], [32, 32]]",15,7,2.3878471851348877,0.7216655810674032,0.5192057291666666,0.7363979816436768,0.5205078125,0.7491393089294434,0.484130859375,0.7363979816436768,0.5205078125,0.484130859375,0.03507486979166663,0.258406400680542,2.0758206844329834,3.118910863995552,0.27146887546405196,0.04874574765563011,0.7576920986175537,0.07950953021645546,0.5243008993566036,1.9365754276514053,2.94601634144783,25.29267978668213,0.23701173160225153,0.4615315869450569,5.630140475928783,0.08,,
ok,core_short,periodic4,fixedK_lattice,core_periodic4_K64_D2x_L8_S0,0,3072,2048,4096,5,10,5,1,64,8,12502,1024,"[[64, 64], [64, 64], [64, 64], [64, 64], [64, 64], [64, 64], [64, 64], [64, 64]]",19,11,3.4107747077941895,0.7020900050799052,0.5234375,0.7063716650009155,0.5185546875,0.7079150676727295,0.510009765625,0.7063716650009155,0.5185546875,0.510009765625,0.013427734375,0.4310343265533447,2.9240338802337646,2.061452027410269,0.1846133372746408,0.046927448362112045,0.39350804686546326,0.07991955801844597,0.6256051585078239,2.052279382944107,3.7600222527980804,50.2622652053833,0.269075533375144,0.4553466960787773,3.734937757253647,0.08,,
ok,core_short,periodic4,fixedK_lattice,core_periodic4_K2_D4x_L8_S0,0,3072,2048,4096,5,20,15,3,2,8,1098,32,"[[2, 2], [2, 2], [2, 2], [2, 2], [2, 2], [2, 2], [2, 2], [2, 2]]",21,13,3.147116184234619,0.6934279203414917,0.5107421875,0.6931107640266418,0.51611328125,0.6946432292461395,0.4873046875,0.6931107640266418,0.51611328125,0.4873046875,0.0234375,0.08192157745361328,3.0132296085357666,2.8460432048887014,0.28067336371168494,0.04833130165934563,0.6583439707756042,0.0869210883975029,1.016663498710841,3.125185489654541,0.9228885881602764,2.888050824403763,0.11307780584320426,0.23677978664636612,2.6144687980413437,0.08,,
ok,core_short,periodic4,fixedK_lattice,core_periodic4_K4_D4x_L8_S0,0,3072,2048,4096,5,20,15,3,4,8,1802,64,"[[4, 4], [4, 4], [4, 4], [4, 4], [4, 4], [4, 4], [4, 4], [4, 4]]",13,5,2.132380723953247,0.6953456401824951,0.5166015625,0.6971210241317749,0.5126953125,0.6995170414447784,0.4931640625,0.6971210241317749,0.5126953125,0.4931640625,0.0234375,0.0822916030883789,1.9935224056243896,2.443913660943508,0.24428761517629027,0.049126677215099335,0.5528345108032227,0.08012665621936321,1.0071321800351143,2.9995530545711517,1.8897676765918732,6.77735447883606,0.13458252605050802,0.2363077811896801,3.6119714602828026,0.08,,
ok,core_short,periodic4,fixedK_lattice,core_periodic4_K8_D4x_L8_S0,0,3072,2048,4096,5,20,15,3,8,8,3210,128,"[[8, 8], [8, 8], [8, 8], [8, 8], [8, 8], [8, 8], [8, 8], [8, 8]]",16,8,2.544297218322754,0.6910614569981893,0.5397135416666666,0.6924274563789368,0.5205078125,0.6954869031906128,0.4912109375,0.6924274563789368,0.5205078125,0.4912109375,0.04850260416666663,0.10784792900085449,2.3734683990478516,1.088756088167429,0.18487488385289907,0.10712248086929321,0.4607786238193512,0.07928915414959192,1.180641621351242,3.395053878426552,2.5610959231853485,13.088999629020691,0.13403727672994137,0.23496907763183117,1.8373323306441307,0.08,,
ok,core_short,periodic4,fixedK_lattice,core_periodic4_K16_D4x_L8_S0,0,3072,2048,4096,5,20,15,3,16,8,6026,256,"[[16, 16], [16, 16], [16, 16], [16, 16], [16, 16], [16, 16], [16, 16], [16, 16]]",12,4,1.748136043548584,0.6928878625233968,0.5166015625,0.6936951875686646,0.517578125,0.6988332569599152,0.497314453125,0.6936951875686646,0.517578125,0.497314453125,0.019287109375,0.14721965789794922,1.5566232204437256,1.0155949033796787,0.17555929347872734,0.10610954463481903,0.39572980999946594,0.0796838290989399,1.1884110495448112,3.399103969335556,2.9467888474464417,20.107054233551025,0.13563232962042093,0.23362630512565374,1.9558971375226974,0.08,,
ok,core_short,periodic4,fixedK_lattice,core_periodic4_K32_D4x_L8_S0,0,3072,2048,4096,5,20,15,3,32,8,11658,512,"[[32, 32], [32, 32], [32, 32], [32, 32], [32, 32], [32, 32], [32, 32], [32, 32]]",33,25,4.151740550994873,0.6998303333918253,0.5172526041666666,0.6999371647834778,0.51953125,0.7063292562961578,0.49609375,0.6999371647834778,0.51953125,0.49609375,0.02115885416666663,0.24953603744506836,3.8611626625061035,3.203957863152027,0.2712644529528916,0.04403303191065788,0.7766820192337036,0.07990602776408195,0.42274950072169304,1.7993630319833755,2.7229650169610977,22.445247769355774,0.11936035752296448,0.22539469972252846,6.803002968430519,0.08,,
ok,core_short,periodic4,fixedK_lattice,core_periodic4_K64_D4x_L8_S0,0,3072,2048,4096,5,20,15,3,64,8,22922,1024,"[[64, 64], [64, 64], [64, 64], [64, 64], [64, 64], [64, 64], [64, 64], [64, 64]]",18,10,3.0057849884033203,0.6916116078694662,0.5299479166666666,0.6911870241165161,0.537109375,0.7019571661949158,0.49853515625,0.6911870241165161,0.537109375,0.49853515625,0.03141276041666663,0.44901180267333984,2.5059051513671875,2.1165645867586136,0.18482655379921198,0.04617823660373688,0.3925417959690094,0.08023503143340349,0.6414995640516281,2.083112508058548,3.541672319173813,45.009602308273315,0.1323160883039236,0.22587484307587147,3.7676898539066315,0.08,,
ok,core_short,periodic8,fixedK_lattice,core_periodic8_K2_D1x_L2_S0,0,3072,2048,4096,5,5,0,0,2,2,96,8,"[[2, 2], [2, 2]]",15,7,0.9962999820709229,0.6923453211784363,0.5087890625,0.6939281821250916,0.51025390625,0.6943419277667999,0.493896484375,0.6939281821250916,0.51025390625,0.493896484375,0.014892578125,0.019008398056030273,0.9604482650756836,0.43000708520412445,0.4402517229318619,0.242176815867424,0.6251723170280457,0.09433512762188911,1.6202131509780884,5.058455228805542,1.7006023526191711,5.4779016971588135,0.5930989980697632,0.744335949420929,0.5979224741458893,0.08,,
ok,core_short,periodic8,fixedK_lattice,core_periodic8_K4_D1x_L2_S0,0,3072,2048,4096,5,5,0,0,4,2,152,16,"[[4, 4], [4, 4]]",11,3,0.6854903697967529,0.6938639084498087,0.4964192708333333,0.6925625205039978,0.5087890625,0.6939862370491028,0.503662109375,0.6925625205039978,0.5087890625,0.503662109375,-0.007242838541666685,0.02436208724975586,0.6460537910461426,0.5342265218496323,0.36462947726249695,0.18982504308223724,0.5479050278663635,0.08124879375100136,1.5910586714744568,4.978532075881958,2.1293543577194214,8.409462451934814,0.5393229573965073,0.7869792282581329,0.6200653910636902,0.08,,
ok,core_short,periodic8,fixedK_lattice,core_periodic8_K8_D1x_L2_S0,0,3072,2048,4096,5,5,0,0,8,2,264,32,"[[8, 8], [8, 8]]",16,8,0.9779882431030273,0.6893261273701986,0.5380859375,0.6929593682289124,0.5244140625,0.6958360970020294,0.4990234375,0.6929593682289124,0.5244140625,0.4990234375,0.0390625,0.030852794647216797,0.9210362434387207,0.614531472325325,0.3097248375415802,0.1540120542049408,0.48943838477134705,0.0798436813056469,1.4362391829490662,4.339059472084045,2.7086493968963623,15.07326889038086,0.5830078423023224,0.759765625,0.7671462893486023,0.08,,
ok,core_short,periodic8,fixedK_lattice,core_periodic8_K16_D1x_L2_S0,0,3072,2048,4096,5,5,0,0,16,2,488,64,"[[16, 16], [16, 16]]",9,1,0.620051383972168,0.7064512173334757,0.5078125,0.7040956020355225,0.52001953125,0.7086080014705658,0.4951171875,0.7040956020355225,0.52001953125,0.4951171875,0.0126953125,0.04521608352661133,0.5570456981658936,0.9564134180545807,0.24662049487233162,0.09985914826393127,0.39700350165367126,0.08069363236427307,1.0735909044742584,3.288150370121002,3.375242829322815,29.374860763549805,0.5828125476837158,0.7346354424953461,0.9766808152198792,0.08,,
ok,core_short,periodic8,fixedK_lattice,core_periodic8_K32_D1x_L2_S0,0,3072,2048,4096,5,5,0,0,32,2,936,128,"[[32, 32], [32, 32]]",11,3,0.7288239002227783,0.686509370803833,0.5520833333333334,0.7134101390838623,0.51123046875,0.7109567523002625,0.50048828125,0.7134101390838623,0.51123046875,0.50048828125,0.05159505208333337,0.06799769401550293,0.6414766311645508,1.8956412076950073,0.20545558258891106,0.06569001078605652,0.3580573499202728,0.07987392693758011,1.1345266103744507,3.536846101284027,4.056732535362244,57.973257064819336,0.45130211114883423,0.5906901210546494,1.5737884044647217,0.08,,
ok,core_short,periodic8,fixedK_lattice,core_periodic8_K64_D1x_L2_S0,0,3072,2048,4096,5,5,0,0,64,2,1832,256,"[[64, 64], [64, 64]]",45,37,2.7768821716308594,0.4501091043154399,0.7796223958333334,1.0373268127441406,0.51171875,1.0649621486663818,0.499267578125,1.0373268127441406,0.51171875,0.499267578125,0.28035481770833337,0.10533928871154785,2.6542563438415527,2.732441872358322,0.16578205488622189,0.04104715958237648,0.32514962553977966,0.08825212717056274,0.9249410480260849,3.0862693786621094,4.627604246139526,103.28066635131836,0.5295573323965073,0.6686849445104599,2.1661062836647034,0.08,,
ok,core_short,periodic8,fixedK_lattice,core_periodic8_K2_D2x_L2_S0,0,3072,2048,4096,5,10,5,1,2,2,166,8,"[[2, 2], [2, 2]]",9,1,0.5708456039428711,0.6924262444178263,0.5192057291666666,0.6936398148536682,0.49853515625,0.6939740777015686,0.49462890625,0.6936398148536682,0.49853515625,0.49462890625,0.02457682291666663,0.02201056480407715,0.5283970832824707,0.43291527032852173,0.45173734426498413,0.2549501955509186,0.6527458429336548,0.07987557351589203,1.6226803064346313,5.071324110031128,1.6959413290023804,5.455024242401123,0.2841145992279053,0.40514323115348816,0.6088502705097198,0.08,,
ok,core_short,periodic8,fixedK_lattice,core_periodic8_K4_D2x_L2_S0,0,3072,2048,4096,5,10,5,1,4,2,262,16,"[[4, 4], [4, 4]]",11,3,0.6794857978820801,0.692203422387441,0.5208333333333334,0.6961590647697449,0.5,0.6963917016983032,0.4970703125,0.6961590647697449,0.5,0.4970703125,0.02376302083333337,0.024308443069458008,0.639817476272583,0.5235029309988022,0.37038442492485046,0.1902332752943039,0.5557138323783875,0.08967596292495728,1.5928367972373962,5.01350212097168,2.1345059871673584,8.452878952026367,0.2826497554779053,0.3850911557674408,0.6599898338317871,0.08,,
ok,core_short,periodic8,fixedK_lattice,core_periodic8_K8_D2x_L2_S0,0,3072,2048,4096,5,10,5,1,8,2,454,32,"[[8, 8], [8, 8]]",19,11,1.1466329097747803,0.6893306970596313,0.5452473958333334,0.6927019953727722,0.5283203125,0.6955257654190063,0.493408203125,0.6927019953727722,0.5283203125,0.493408203125,0.05183919270833337,0.03239178657531738,1.0952670574188232,0.5867381691932678,0.3048216551542282,0.1451578140258789,0.4790301024913788,0.08712255582213402,1.3958863615989685,4.110652804374695,2.745213270187378,15.582082748413086,0.2768554836511612,0.37675783038139343,0.7110338807106018,0.08,,
ok,core_short,periodic8,fixedK_lattice,core_periodic8_K16_D2x_L2_S0,0,3072,2048,4096,5,10,5,1,16,2,838,64,"[[16, 16], [16, 16]]",17,9,1.1781296730041504,0.6788661877314249,0.5677083333333334,0.6990149021148682,0.51806640625,0.6969314515590668,0.51611328125,0.6990149021148682,0.51806640625,0.51611328125,0.05159505208333337,0.04228019714355469,1.1196575164794922,1.005933791399002,0.24543464183807373,0.0931149274110794,0.41370880603790283,0.08085609972476959,1.03873410820961,3.2208192944526672,3.370914101600647,29.263174057006836,0.29326173663139343,0.36884767562150955,1.0514517724514008,0.08,,
ok,core_short,periodic8,fixedK_lattice,core_periodic8_K32_D2x_L2_S0,0,3072,2048,4096,5,10,5,1,32,2,1606,128,"[[32, 32], [32, 32]]",9,1,0.6394078731536865,0.6949672698974609,0.5364583333333334,0.7144396305084229,0.5029296875,0.71278116106987,0.491943359375,0.7144396305084229,0.5029296875,0.491943359375,0.04451497395833337,0.06459999084472656,0.5562455654144287,1.5612150132656097,0.20622675493359566,0.0668826699256897,0.3498899042606354,0.07981305569410324,1.148453414440155,3.605297803878784,4.064450979232788,58.387664794921875,0.2933919429779053,0.36634117364883423,1.3844329714775085,0.08,,
ok,core_short,periodic8,fixedK_lattice,core_periodic8_K64_D2x_L2_S0,0,3072,2048,4096,5,10,5,1,64,2,3142,256,"[[64, 64], [64, 64]]",12,4,0.8621907234191895,0.6474847396214803,0.6220703125,0.715518593788147,0.517578125,0.7083761096000671,0.503662109375,0.715518593788147,0.517578125,0.503662109375,0.118408203125,0.10731077194213867,0.7366945743560791,2.143845170736313,0.1696048639714718,0.04778403788805008,0.302196204662323,0.07946383208036423,1.032519981265068,3.3939595818519592,4.643670082092285,105.08597183227539,0.25908204913139343,0.3322591334581375,1.673454761505127,0.08,,
ok,core_short,periodic8,fixedK_lattice,core_periodic8_K2_D4x_L2_S0,0,3072,2048,4096,5,20,15,3,2,2,306,8,"[[2, 2], [2, 2]]",9,1,0.586735725402832,0.6939607461293539,0.4807942708333333,0.6932651996612549,0.50146484375,0.693090170621872,0.50537109375,0.6932651996612549,0.50146484375,0.50537109375,-0.024576822916666685,0.02393054962158203,0.5472722053527832,0.4289347529411316,0.4488297402858734,0.25246304273605347,0.651679277420044,0.08447840809822083,1.6286824941635132,5.101112604141235,1.6466692686080933,5.1910529136657715,0.14269206672906876,0.20203451067209244,0.6026836633682251,0.08,,
ok,core_short,periodic8,fixedK_lattice,core_periodic8_K4_D4x_L2_S0,0,3072,2048,4096,5,20,15,3,4,2,482,16,"[[4, 4], [4, 4]]",9,1,0.5664832592010498,0.6924566229184469,0.5169270833333334,0.6943439245223999,0.50146484375,0.6939519643783569,0.49853515625,0.6943439245223999,0.50146484375,0.49853515625,0.01839192708333337,0.031050443649291992,0.5182735919952393,0.5287434011697769,0.3683602660894394,0.1972632259130478,0.5442483425140381,0.07870766893029213,1.560341715812683,4.862787842750549,2.102290987968445,8.187780618667603,0.13995768874883652,0.19501953572034836,0.6633736789226532,0.08,,
ok,core_short,periodic8,fixedK_lattice,core_periodic8_K8_D4x_L2_S0,0,3072,2048,4096,5,20,15,3,8,2,834,32,"[[8, 8], [8, 8]]",11,3,0.7624092102050781,0.6923056443532308,0.5166015625,0.694353461265564,0.509765625,0.6946194469928741,0.49609375,0.694353461265564,0.509765625,0.49609375,0.0205078125,0.032808780670166016,0.7141013145446777,0.6091026365756989,0.3076117932796478,0.15490657091140747,0.46541810035705566,0.07623087987303734,1.3727951049804688,4.087217688560486,2.736388921737671,15.481601238250732,0.13554688543081284,0.18515626341104507,0.7412335574626923,0.08,,
ok,core_short,periodic8,fixedK_lattice,core_periodic8_K16_D4x_L2_S0,0,3072,2048,4096,5,20,15,3,16,2,1538,64,"[[16, 16], [16, 16]]",11,3,0.7450675964355469,0.6877373655637106,0.5400390625,0.6956574320793152,0.50390625,0.6959215998649597,0.49072265625,0.6956574320793152,0.50390625,0.49072265625,0.04931640625,0.04479026794433594,0.6814582347869873,0.9496731609106064,0.24610916897654533,0.09791537374258041,0.40316373109817505,0.08008504286408424,1.046501249074936,3.2201194763183594,3.372685432434082,29.27873420715332,0.14596354961395264,0.18419597297906876,0.9900917708873749,0.08,,
ok,core_short,periodic8,fixedK_lattice,core_periodic8_K32_D4x_L2_S0,0,3072,2048,4096,5,20,15,3,32,2,2946,128,"[[32, 32], [32, 32]]",22,14,1.2916417121887207,0.6287587881088257,0.6455078125,0.7370036840438843,0.50830078125,0.7348048090934753,0.5048828125,0.7370036840438843,0.50830078125,0.5048828125,0.140625,0.06602072715759277,1.2056043148040771,1.8476373255252838,0.20363327860832214,0.058757126331329346,0.3686816692352295,0.08234230428934097,0.9611229002475739,3.2146340012550354,4.045656323432922,57.30936813354492,0.12669271230697632,0.1618652418255806,1.6147123277187347,0.08,,
ok,core_short,periodic8,fixedK_lattice,core_periodic8_K64_D4x_L2_S0,0,3072,2048,4096,5,20,15,3,64,2,5762,256,"[[64, 64], [64, 64]]",13,5,0.8522946834564209,0.6408255696296692,0.6328125,0.7160074710845947,0.50146484375,0.7140116095542908,0.504638671875,0.7160074710845947,0.50146484375,0.504638671875,0.128173828125,0.10357666015625,0.730414628982544,2.179399222135544,0.16946628503501415,0.047234129160642624,0.30046385526657104,0.07916244491934776,0.9979865252971649,3.3346989154815674,4.64804744720459,105.4456558227539,0.12187500670552254,0.15701498463749886,1.7910295128822327,0.08,,
ok,core_short,periodic8,fixedK_lattice,core_periodic8_K2_D1x_L4_S0,0,3072,2048,4096,5,5,0,0,2,4,180,16,"[[2, 2], [2, 2], [2, 2], [2, 2]]",23,15,2.0573129653930664,0.6886619130770365,0.5445963541666666,0.6980617046356201,0.50341796875,0.6974057257175446,0.50341796875,0.6980617046356201,0.50341796875,0.50341796875,0.04117838541666663,0.04339194297790527,1.9875376224517822,1.4358705431222916,0.32584604155272245,0.05033724009990692,0.6545529365539551,0.07747879065573215,1.3171520829200745,3.9202194213867188,1.203388437628746,3.56668221950531,0.4691406413912773,0.9139648526906967,1.4723166525363922,0.08,,
ok,core_short,periodic8,fixedK_lattice,core_periodic8_K4_D1x_L4_S0,0,3072,2048,4096,5,5,0,0,4,4,292,32,"[[4, 4], [4, 4], [4, 4], [4, 4]]",29,21,2.2726643085479736,0.6800720691680908,0.5553385416666666,0.7007437944412231,0.51416015625,0.703244149684906,0.48876953125,0.7007437944412231,0.51416015625,0.48876953125,0.06656901041666663,0.0489499568939209,2.2003519535064697,1.3293462991714478,0.27703952603042126,0.07310770452022552,0.573165237903595,0.08075734041631222,1.132095754146576,3.367761731147766,1.8557482957839966,6.598095893859863,0.5185547322034836,0.8863932490348816,1.2562770247459412,0.08,,
ok,core_short,periodic8,fixedK_lattice,core_periodic8_K8_D1x_L4_S0,0,3072,2048,4096,5,5,0,0,8,4,516,64,"[[8, 8], [8, 8], [8, 8], [8, 8]]",12,4,1.0117881298065186,0.6986714998881022,0.4840494791666667,0.698920488357544,0.5068359375,0.697257936000824,0.505859375,0.698920488357544,0.5068359375,0.505859375,-0.021809895833333315,0.05969119071960449,0.9288797378540039,0.9581589847803116,0.22615955211222172,0.11585336178541183,0.4662812352180481,0.08096927590668201,1.2062668800354004,3.4843520522117615,2.570927321910858,13.399768590927124,0.5219401344656944,0.8781901299953461,1.1382099092006683,0.08,,
ok,core_short,periodic8,fixedK_lattice,core_periodic8_K16_D1x_L4_S0,0,3072,2048,4096,5,5,0,0,16,4,964,128,"[[16, 16], [16, 16], [16, 16], [16, 16]]",10,2,0.7691693305969238,0.7275121808052063,0.5061848958333334,0.7282756567001343,0.50439453125,0.7295596897602081,0.502685546875,0.7282756567001343,0.50439453125,0.502685546875,0.0034993489583333703,0.0725257396697998,0.6707382202148438,1.372093640267849,0.19897795096039772,0.07614851742982864,0.39621731638908386,0.08071986585855484,1.0130723714828491,2.9694965481758118,3.091434597969055,23.0562481880188,0.5686523765325546,0.871712252497673,1.543467029929161,0.08,,
ok,core_short,periodic8,fixedK_lattice,core_periodic8_K32_D1x_L4_S0,0,3072,2048,4096,5,5,0,0,32,4,1860,256,"[[32, 32], [32, 32], [32, 32], [32, 32]]",13,5,1.4125070571899414,0.7043076356252035,0.4820963541666667,0.7000447511672974,0.501953125,0.6971730887889862,0.505859375,0.7000447511672974,0.501953125,0.505859375,-0.023763020833333315,0.1210932731628418,1.260026454925537,1.5249514803290367,0.19326390512287617,0.06587415933609009,0.35187283158302307,0.08082070387899876,0.8568303138017654,2.6990598142147064,3.553828716278076,39.849750995635986,0.47991539165377617,0.858723983168602,1.880261093378067,0.08,,
ok,core_short,periodic8,fixedK_lattice,core_periodic8_K64_D1x_L4_S0,0,3072,2048,4096,5,5,0,0,64,4,3652,512,"[[64, 64], [64, 64], [64, 64], [64, 64]]",12,4,1.399442195892334,0.8398427168528239,0.515625,0.8235256671905518,0.51953125,0.8577646613121033,0.50146484375,0.8235256671905518,0.51953125,0.50146484375,0.01416015625,0.20987820625305176,1.1559743881225586,2.2820223420858383,0.18452435918152332,0.04864468798041344,0.3334736227989197,0.07964313216507435,0.7746441178023815,2.579032301902771,4.118635177612305,70.9041805267334,0.5400390848517418,0.8399739935994148,2.8046610951423645,0.08,,
ok,core_short,periodic8,fixedK_lattice,core_periodic8_K2_D2x_L4_S0,0,3072,2048,4096,5,10,5,1,2,4,310,16,"[[2, 2], [2, 2], [2, 2], [2, 2]]",13,5,1.2801926136016846,0.6909121870994568,0.5244140625,0.6932066679000854,0.51904296875,0.6950989365577698,0.489990234375,0.6932066679000854,0.51904296875,0.489990234375,0.034423828125,0.04895520210266113,1.2067201137542725,1.6507699564099312,0.33208640944212675,0.04966989532113075,0.6598826050758362,0.0783917997032404,1.2882993072271347,3.8315253257751465,1.115274854004383,3.553638219833374,0.2419433705508709,0.4596516937017441,1.6352385878562927,0.08,,
ok,core_short,periodic8,fixedK_lattice,core_periodic8_K4_D2x_L4_S0,0,3072,2048,4096,5,10,5,1,4,4,502,32,"[[4, 4], [4, 4], [4, 4], [4, 4]]",24,16,2.10076642036438,0.6849849621454874,0.5328776041666666,0.6962767839431763,0.5126953125,0.6980447173118591,0.494140625,0.6962767839431763,0.5126953125,0.494140625,0.03873697916666663,0.0465090274810791,2.0000226497650146,1.1418599113821983,0.2748888898640871,0.07540890574455261,0.5678169131278992,0.07940767891705036,1.2400211095809937,3.5978492498397827,1.8768928349018097,6.9414660930633545,0.2368978038430214,0.44991862028837204,1.090026468038559,0.08,,
ok,core_short,periodic8,fixedK_lattice,core_periodic8_K8_D2x_L4_S0,0,3072,2048,4096,5,10,5,1,8,4,886,64,"[[8, 8], [8, 8], [8, 8], [8, 8]]",11,3,1.0872840881347656,0.6893312136332194,0.5403645833333334,0.6927451491355896,0.52001953125,0.6939906179904938,0.50244140625,0.6927451491355896,0.52001953125,0.50244140625,0.03792317708333337,0.06087899208068848,1.0010626316070557,0.9028462171554565,0.2257018107920885,0.11699225753545761,0.4671857953071594,0.0803026594221592,1.2510435581207275,3.598705232143402,2.6540141105651855,14.34217119216919,0.2828613370656967,0.44013673067092896,1.1565218567848206,0.08,,
ok,core_short,periodic8,fixedK_lattice,core_periodic8_K16_D2x_L4_S0,0,3072,2048,4096,5,10,5,1,16,4,1654,128,"[[16, 16], [16, 16], [16, 16], [16, 16]]",13,5,1.3800313472747803,0.6924984852472941,0.5218098958333334,0.7042509913444519,0.5048828125,0.7114844918251038,0.49462890625,0.7042509913444519,0.5048828125,0.49462890625,0.02718098958333337,0.0883491039276123,1.267493486404419,1.3881149664521217,0.19920247606933117,0.07422022521495819,0.39975520968437195,0.08009831607341766,1.0289653837680817,3.0295693278312683,3.0048232674598694,22.089862823486328,0.2673339955508709,0.43289388716220856,1.4871041476726532,0.08,,
ok,core_short,periodic8,fixedK_lattice,core_periodic8_K32_D2x_L4_S0,0,3072,2048,4096,5,10,5,1,32,4,3190,256,"[[32, 32], [32, 32], [32, 32], [32, 32]]",10,2,1.0569798946380615,0.6991394559542338,0.513671875,0.7059354186058044,0.51123046875,0.7059385478496552,0.48779296875,0.7059354186058044,0.51123046875,0.48779296875,0.02587890625,0.12525057792663574,0.8996367454528809,1.4337565153837204,0.19269288331270218,0.06665698438882828,0.35076501965522766,0.07982373796403408,0.8865704983472824,2.744429737329483,3.4985431432724,38.79181623458862,0.2825683727860451,0.43435873091220856,1.9209416955709457,0.08,,
ok,core_short,periodic8,fixedK_lattice,core_periodic8_K64_D2x_L4_S0,0,3072,2048,4096,5,10,5,1,64,4,6262,512,"[[64, 64], [64, 64], [64, 64], [64, 64]]",17,9,1.6818859577178955,0.7010370095570883,0.5107421875,0.6960091590881348,0.52734375,0.703281044960022,0.5,0.6960091590881348,0.52734375,0.5,0.0107421875,0.19882893562316895,1.4515049457550049,2.466778986155987,0.1843298990279436,0.047061074525117874,0.34123823046684265,0.08050768449902534,0.7024098075926304,2.4628535509109497,4.151633560657501,71.97129726409912,0.26347657293081284,0.4144531451165676,3.027995228767395,0.08,,
ok,core_short,periodic8,fixedK_lattice,core_periodic8_K2_D4x_L4_S0,0,3072,2048,4096,5,20,15,3,2,4,570,16,"[[2, 2], [2, 2], [2, 2], [2, 2]]",9,1,0.8931789398193359,0.6920971473058065,0.5231119791666666,0.696489691734314,0.50244140625,0.6966374516487122,0.494140625,0.696489691734314,0.50244140625,0.494140625,0.02897135416666663,0.044022321701049805,0.8178544044494629,1.074097990989685,0.329894682392478,0.049754559993743896,0.6516458988189697,0.08078181929886341,1.3289105892181396,3.975968837738037,1.4452040493488312,4.3212040066719055,0.14976400323212147,0.22875162959098816,1.4574173837900162,0.08,,
ok,core_short,periodic8,fixedK_lattice,core_periodic8_K4_D4x_L4_S0,0,3072,2048,4096,5,20,15,3,4,4,922,32,"[[4, 4], [4, 4], [4, 4], [4, 4]]",20,12,1.746699333190918,0.6863391796747843,0.556640625,0.6947298049926758,0.515625,0.698106974363327,0.4892578125,0.6947298049926758,0.515625,0.4892578125,0.0673828125,0.052724361419677734,1.6639833450317383,1.0397978350520134,0.27678277902305126,0.06968889385461807,0.5551963448524475,0.07495005801320076,1.2089588791131973,3.5491374135017395,2.088196724653244,8.085282921791077,0.12963054329156876,0.22364909201860428,1.2243016213178635,0.08,,
ok,core_short,periodic8,fixedK_lattice,core_periodic8_K8_D4x_L4_S0,0,3072,2048,4096,5,20,15,3,8,4,1626,64,"[[8, 8], [8, 8], [8, 8], [8, 8]]",10,2,1.0526251792907715,0.6925250887870789,0.5139973958333334,0.6934729218482971,0.515625,0.6943216323852539,0.498779296875,0.6934729218482971,0.515625,0.498779296875,0.01521809895833337,0.05968737602233887,0.961585283279419,0.8793304115533829,0.22519312985241413,0.11759766191244125,0.4592801630496979,0.07977312989532948,1.251786231994629,3.5937365293502808,2.662973642349243,14.41484522819519,0.13902995362877846,0.21989746391773224,1.1246239095926285,0.08,,
ok,core_short,periodic8,fixedK_lattice,core_periodic8_K16_D4x_L4_S0,0,3072,2048,4096,5,20,15,3,16,4,3034,128,"[[16, 16], [16, 16], [16, 16], [16, 16]]",9,1,0.8847041130065918,0.6945864756902059,0.5016276041666666,0.6955718398094177,0.5,0.6941552758216858,0.51220703125,0.6955718398094177,0.5,0.51220703125,-0.01057942708333337,0.07882165908813477,0.7793910503387451,1.3118079453706741,0.19868668727576733,0.07687173038721085,0.39569348096847534,0.08035247586667538,1.0375292003154755,3.0246772468090057,3.109751522541046,23.33545684814453,0.1379720102995634,0.21845703572034836,1.4133353531360626,0.08,,
ok,core_short,periodic8,fixedK_lattice,core_periodic8_K32_D4x_L4_S0,0,3072,2048,4096,5,20,15,3,32,4,5850,256,"[[32, 32], [32, 32], [32, 32], [32, 32]]",13,5,1.199605941772461,0.6922560532887777,0.5322265625,0.6950193047523499,0.51904296875,0.697261780500412,0.506591796875,0.6950193047523499,0.51904296875,0.506591796875,0.025634765625,0.12582063674926758,1.038616418838501,1.5498778373003006,0.19249983690679073,0.06533128023147583,0.3585420250892639,0.07996500842273235,0.8382734656333923,2.6650679111480713,3.629866302013397,41.79467010498047,0.14156901836395264,0.21527507156133652,2.089744985103607,0.08,,
ok,core_short,periodic8,fixedK_lattice,core_periodic8_K64_D4x_L4_S0,0,3072,2048,4096,5,20,15,3,64,4,11482,512,"[[64, 64], [64, 64], [64, 64], [64, 64]]",14,6,1.4264025688171387,0.7021971543629965,0.5042317708333334,0.7038499116897583,0.5107421875,0.709482878446579,0.490234375,0.7038499116897583,0.5107421875,0.490234375,0.01399739583333337,0.21360182762145996,1.1696820259094238,2.7552242130041122,0.18493187427520752,0.04802146181464195,0.3355957865715027,0.08112446777522564,0.7643045410513878,2.572307586669922,4.2698880434036255,77.19522285461426,0.13297526724636555,0.21480307169258595,3.129585325717926,0.08,,
ok,core_short,periodic8,fixedK_lattice,core_periodic8_K2_D1x_L8_S0,0,3072,2048,4096,5,5,0,0,2,8,348,32,"[[2, 2], [2, 2], [2, 2], [2, 2], [2, 2], [2, 2], [2, 2], [2, 2]]",16,8,1.8863167762756348,0.6925299763679504,0.5201822916666666,0.6923666000366211,0.50390625,0.6937365531921387,0.49267578125,0.6923666000366211,0.50390625,0.49267578125,0.02750651041666663,0.0801248550415039,1.757507085800171,2.523007920011878,0.23683600360527635,0.049192365258932114,0.6445715427398682,0.07984176557511091,1.047971986234188,3.1645452678203583,0.8490271288901567,2.7252572029829025,0.5208496414124966,0.9474446624517441,2.326915994286537,0.08,,
ok,core_short,periodic8,fixedK_lattice,core_periodic8_K4_D1x_L8_S0,0,3072,2048,4096,5,5,0,0,4,8,572,64,"[[4, 4], [4, 4], [4, 4], [4, 4], [4, 4], [4, 4], [4, 4], [4, 4]]",15,7,1.8558433055877686,0.7736227711041769,0.4807942708333333,0.7600665092468262,0.50146484375,0.7674067914485931,0.50537109375,0.7600665092468262,0.50146484375,0.50537109375,-0.024576822916666685,0.08068037033081055,1.7304606437683105,1.8154269307851791,0.22918663593009114,0.05831625685095787,0.5467656850814819,0.07806255295872688,0.8802035672124475,2.803128957748413,1.573817402124405,5.701932072639465,0.43644207902252674,0.941129557788372,2.4549384862184525,0.08,,
ok,core_short,periodic8,fixedK_lattice,core_periodic8_K8_D1x_L8_S0,0,3072,2048,4096,5,5,0,0,8,8,1020,128,"[[8, 8], [8, 8], [8, 8], [8, 8], [8, 8], [8, 8], [8, 8], [8, 8]]",11,3,1.359354019165039,0.695437510808309,0.5302734375,0.7039995789527893,0.5087890625,0.7034958004951477,0.49560546875,0.7039995789527893,0.5087890625,0.49560546875,0.03466796875,0.11062908172607422,1.209052324295044,1.0370333530008793,0.18502600770443678,0.11724746972322464,0.4647999107837677,0.07943231333047152,1.3073192685842514,3.762809693813324,2.412187486886978,11.647908091545105,0.5469564087688923,0.9407389387488365,1.8072533905506134,0.08,,
ok,core_short,periodic8,fixedK_lattice,core_periodic8_K16_D1x_L8_S0,0,3072,2048,4096,5,5,0,0,16,8,1916,256,"[[16, 16], [16, 16], [16, 16], [16, 16], [16, 16], [16, 16], [16, 16], [16, 16]]",13,5,1.556668996810913,0.6991269191106161,0.5084635416666666,0.6931346654891968,0.51708984375,0.70039963722229,0.489501953125,0.6931346654891968,0.51708984375,0.489501953125,0.01896158854166663,0.14498305320739746,1.3733923435211182,1.754538431763649,0.20881664659827948,0.07576567679643631,0.43201392889022827,0.08035043440759182,0.8282602354884148,2.4679840207099915,2.782199203968048,17.514432549476624,0.5083821844309568,0.9290039166808128,2.79996420443058,0.08,,
ok,core_short,periodic8,fixedK_lattice,core_periodic8_K32_D1x_L8_S0,0,3072,2048,4096,5,5,0,0,32,8,3708,512,"[[32, 32], [32, 32], [32, 32], [32, 32], [32, 32], [32, 32], [32, 32], [32, 32]]",12,4,1.5420360565185547,0.730443000793457,0.5104166666666666,0.7273117303848267,0.517578125,0.7411192357540131,0.497802734375,0.7273117303848267,0.517578125,0.497802734375,0.01261393229166663,0.22487783432006836,1.2790091037750244,1.9355998262763023,0.18433062452822924,0.0662333071231842,0.35425865650177,0.08025918807834387,0.7122000902891159,2.244106501340866,3.348077952861786,31.522345542907715,0.5296061486005783,0.9357096515595913,3.2474139854311943,0.08,,
ok,core_short,periodic8,fixedK_lattice,core_periodic8_K64_D1x_L8_S0,0,3072,2048,4096,5,5,0,0,64,8,7292,1024,"[[64, 64], [64, 64], [64, 64], [64, 64], [64, 64], [64, 64], [64, 64], [64, 64]]",17,9,2.1937129497528076,0.8427944382031759,0.5087890625,0.8262786865234375,0.52001953125,0.833072304725647,0.50634765625,0.8262786865234375,0.52001953125,0.50634765625,0.00244140625,0.35104823112487793,1.8049941062927246,1.8906228952109814,0.205409181304276,0.04749571159482002,0.4055801033973694,0.07975607272237539,0.6230467185378075,2.0869145542383194,3.6474561989307404,47.491132974624634,0.5084961205720901,0.9108724109828472,4.171286001801491,0.08,,
ok,core_short,periodic8,fixedK_lattice,core_periodic8_K2_D2x_L8_S0,0,3072,2048,4096,5,10,5,1,2,8,598,32,"[[2, 2], [2, 2], [2, 2], [2, 2], [2, 2], [2, 2], [2, 2], [2, 2]]",12,4,1.4857921600341797,0.6919991970062256,0.525390625,0.6931273937225342,0.5087890625,0.6944754719734192,0.487060546875,0.6931273937225342,0.5087890625,0.487060546875,0.038330078125,0.0710611343383789,1.3761773109436035,1.0584577284753323,0.23817007802426815,0.049023114144802094,0.6509644389152527,0.08129024691879749,1.295342855155468,3.7958844900131226,1.320281744003296,3.9081944823265076,0.23986817710101604,0.4748779311776161,1.7944074273109436,0.08,,
ok,core_short,periodic8,fixedK_lattice,core_periodic8_K4_D2x_L8_S0,0,3072,2048,4096,5,10,5,1,4,8,982,64,"[[4, 4], [4, 4], [4, 4], [4, 4], [4, 4], [4, 4], [4, 4], [4, 4]]",16,8,1.8525505065917969,0.6958346366882324,0.5022786458333334,0.6979014277458191,0.50537109375,0.6973768472671509,0.503173828125,0.6979014277458191,0.50537109375,0.503173828125,-0.0008951822916666297,0.08155083656311035,1.724428415298462,1.9339950159192085,0.23044851748272777,0.05847286060452461,0.5579419136047363,0.08058890048414469,0.9229385051876307,2.8737115263938904,1.8013388365507126,6.51887971162796,0.25258790515363216,0.471541341394186,2.846040278673172,0.08,,
ok,core_short,periodic8,fixedK_lattice,core_periodic8_K8_D2x_L8_S0,0,3072,2048,4096,5,10,5,1,8,8,1750,128,"[[8, 8], [8, 8], [8, 8], [8, 8], [8, 8], [8, 8], [8, 8], [8, 8]]",16,8,1.8616929054260254,0.6918502648671468,0.5169270833333334,0.6928023099899292,0.51513671875,0.693574994802475,0.500244140625,0.6928023099899292,0.51513671875,0.500244140625,0.01668294270833337,0.10468173027038574,1.7131848335266113,1.041979968547821,0.18646833673119545,0.11769329011440277,0.47104784846305847,0.08028348162770271,1.2900409996509552,3.696907192468643,2.3204060941934586,10.968287289142609,0.26791179925203323,0.4699137434363365,1.8040184676647186,0.08,,
ok,core_short,periodic8,fixedK_lattice,core_periodic8_K16_D2x_L8_S0,0,3072,2048,4096,5,10,5,1,16,8,3286,256,"[[16, 16], [16, 16], [16, 16], [16, 16], [16, 16], [16, 16], [16, 16], [16, 16]]",9,1,1.1477949619293213,0.6975563565889994,0.4986979166666667,0.6955918669700623,0.51513671875,0.6987417638301849,0.496337890625,0.6955918669700623,0.51513671875,0.496337890625,0.002360026041666685,0.14465022087097168,0.964186429977417,1.0625311397016048,0.20874891057610512,0.077639140188694,0.4209357798099518,0.08003268763422966,0.9390588030219078,2.7444011569023132,2.7222534120082855,16.828273057937622,0.2863769680261612,0.4687093123793602,2.337596908211708,0.08,,
ok,core_short,periodic8,fixedK_lattice,core_periodic8_K32_D2x_L8_S0,0,3072,2048,4096,5,10,5,1,32,8,6358,512,"[[32, 32], [32, 32], [32, 32], [32, 32], [32, 32], [32, 32], [32, 32], [32, 32]]",11,3,1.4409844875335693,0.7724570234616598,0.4807942708333333,0.7619675397872925,0.50146484375,0.7451251149177551,0.50537109375,0.7619675397872925,0.50146484375,0.50537109375,-0.024576822916666685,0.2127552032470703,1.1899547576904297,1.7608482986688614,0.1842574281617999,0.06664568930864334,0.3506314754486084,0.08001478482037783,0.7245331667363644,2.262766942381859,3.070202797651291,26.403563976287842,0.26363933831453323,0.46552734822034836,2.9284635707736015,0.08,,
ok,core_short,periodic8,fixedK_lattice,core_periodic8_K64_D2x_L8_S0,0,3072,2048,4096,5,10,5,1,64,8,12502,1024,"[[64, 64], [64, 64], [64, 64], [64, 64], [64, 64], [64, 64], [64, 64], [64, 64]]",9,1,1.4331085681915283,0.7720768253008524,0.5074869791666666,0.7708238363265991,0.50244140625,0.7956418991088867,0.491455078125,0.7708238363265991,0.50244140625,0.491455078125,0.01603190104166663,0.3510758876800537,1.0425224304199219,1.5064220950007439,0.21073801210150123,0.05010000988841057,0.3923411965370178,0.07999999821186066,0.6927231810986996,2.2175161987543106,3.5871460139751434,46.15332579612732,0.2841064613312483,0.4684651717543602,3.862409755587578,0.08,,
ok,core_short,periodic8,fixedK_lattice,core_periodic8_K2_D4x_L8_S0,0,3072,2048,4096,5,20,15,3,2,8,1098,32,"[[2, 2], [2, 2], [2, 2], [2, 2], [2, 2], [2, 2], [2, 2], [2, 2]]",20,12,2.2679989337921143,0.6909000674883524,0.5364583333333334,0.6935746669769287,0.51904296875,0.695392519235611,0.48388671875,0.6935746669769287,0.51904296875,0.48388671875,0.05257161458333337,0.07296323776245117,2.15727162361145,1.8184168171137571,0.23991332994773984,0.0494619719684124,0.6693421602249146,0.07590961176902056,1.1776714101433754,3.473851591348648,1.184434749186039,3.491304576396942,0.11748861148953438,0.24197184294462204,1.9413755163550377,0.08,,
ok,core_short,periodic8,fixedK_lattice,core_periodic8_K4_D4x_L8_S0,0,3072,2048,4096,5,20,15,3,4,8,1802,64,"[[4, 4], [4, 4], [4, 4], [4, 4], [4, 4], [4, 4], [4, 4], [4, 4]]",10,2,1.191502571105957,0.7168406248092651,0.4807942708333333,0.708375096321106,0.50146484375,0.709302544593811,0.50537109375,0.708375096321106,0.50146484375,0.50537109375,-0.024576822916666685,0.08007454872131348,1.0720489025115967,1.90022873878479,0.2282252055592835,0.05896127596497536,0.5430576205253601,0.08084202837198973,1.0398069024085999,3.051104098558426,1.8766045719385147,6.891431957483292,0.14337972551584244,0.2358886729925871,2.6516565829515457,0.08,,
ok,core_short,periodic8,fixedK_lattice,core_periodic8_K8_D4x_L8_S0,0,3072,2048,4096,5,20,15,3,8,8,3210,128,"[[8, 8], [8, 8], [8, 8], [8, 8], [8, 8], [8, 8], [8, 8], [8, 8]]",11,3,1.3374104499816895,0.6922760009765625,0.5224609375,0.6954209804534912,0.505859375,0.6951848268508911,0.502685546875,0.6954209804534912,0.505859375,0.502685546875,0.019775390625,0.10235595703125,1.1972341537475586,1.050209652632475,0.18500690814107656,0.11723796278238297,0.463951975107193,0.07992007862776518,1.2852228581905365,3.703375369310379,2.502371996641159,12.461880326271057,0.1344116274267435,0.23516438901424408,1.815768077969551,0.08,,
ok,core_short,periodic8,fixedK_lattice,core_periodic8_K16_D4x_L8_S0,0,3072,2048,4096,5,20,15,3,16,8,6026,256,"[[16, 16], [16, 16], [16, 16], [16, 16], [16, 16], [16, 16], [16, 16], [16, 16]]",13,5,1.5550518035888672,0.7053205966949463,0.5126953125,0.7023473978042603,0.51025390625,0.7048107981681824,0.494873046875,0.7023473978042603,0.51025390625,0.494873046875,0.017822265625,0.13513779640197754,1.3816378116607666,1.366761215031147,0.2088270979002118,0.0758351981639862,0.4308643341064453,0.08031523413956165,0.9112274348735809,2.658050000667572,2.752330243587494,17.289365768432617,0.13372396677732468,0.2331258151680231,2.510262332856655,0.08,,
ok,core_short,periodic8,fixedK_lattice,core_periodic8_K32_D4x_L8_S0,0,3072,2048,4096,5,20,15,3,32,8,11658,512,"[[32, 32], [32, 32], [32, 32], [32, 32], [32, 32], [32, 32], [32, 32], [32, 32]]",10,2,1.3873591423034668,0.7865580121676127,0.5045572916666666,0.7795360088348389,0.5224609375,0.8109328746795654,0.491455078125,0.7795360088348389,0.5224609375,0.491455078125,0.01310221354166663,0.21437358856201172,1.1324009895324707,1.7829573340713978,0.1843648748472333,0.067255899310112,0.3476828932762146,0.08004798833280802,0.7338784448802471,2.2774996161460876,3.169127434492111,28.123708128929138,0.13935140799731016,0.23385009914636612,3.079973444342613,0.08,,
ok,core_short,periodic8,fixedK_lattice,core_periodic8_K64_D4x_L8_S0,0,3072,2048,4096,5,20,15,3,64,8,22922,1024,"[[64, 64], [64, 64], [64, 64], [64, 64], [64, 64], [64, 64], [64, 64], [64, 64]]",24,16,2.9655613899230957,0.6917888720830282,0.5218098958333334,0.6935452222824097,0.5263671875,0.6975989043712616,0.4921875,0.6935452222824097,0.5263671875,0.4921875,0.02962239583333337,0.35277748107910156,2.564983367919922,1.8024771176278591,0.20907117519527674,0.04676225036382675,0.41543111205101013,0.07955796271562576,0.6012358665466309,2.06405071914196,3.440534919500351,42.57000494003296,0.11988526117056608,0.22707519959658384,4.037715196609497,0.08,,
ok,core_short,madelon_lite,fixedK_lattice,core_madelon_lite_K2_D1x_L2_S0,0,3072,2048,4096,5,5,0,0,2,2,96,8,"[[2, 2], [2, 2]]",60,58,2.699970245361328,0.10022204617659251,0.97265625,0.12107452750205994,0.96923828125,0.11468971148133278,0.968505859375,0.12107452750205994,0.96923828125,0.968505859375,0.004150390625,0.019472360610961914,2.6609699726104736,1.8955843150615692,0.27665136381983757,0.0839189738035202,0.5225834846496582,0.2801445424556732,0.7506942003965378,2.4183648228645325,1.6649879813194275,5.285701751708984,0.5177083760499954,0.7966146171092987,1.9124999046325684,0.08,,
ok,core_short,madelon_lite,fixedK_lattice,core_madelon_lite_K4_D1x_L2_S0,0,3072,2048,4096,5,5,0,0,4,2,152,16,"[[4, 4], [4, 4]]",60,58,2.7701101303100586,0.040345460176467896,0.9892578125,0.1152062714099884,0.974609375,0.08347881957888603,0.97705078125,0.1152062714099884,0.974609375,0.97705078125,0.01220703125,0.022066354751586914,2.732722759246826,2.963963955640793,0.19526853412389755,0.06609726697206497,0.3696141541004181,0.2143261358141899,0.4788733720779419,1.6456103920936584,2.161027193069458,8.719030141830444,0.522786483168602,0.735807329416275,2.831379622220993,0.08,,
ok,core_short,madelon_lite,fixedK_lattice,core_madelon_lite_K8_D1x_L2_S0,0,3072,2048,4096,5,5,0,0,8,2,264,32,"[[8, 8], [8, 8]]",19,11,0.8842179775238037,0.04636965071161588,0.98828125,0.0647086650133133,0.984375,0.06302588805556297,0.9833984375,0.0647086650133133,0.984375,0.9833984375,0.0048828125,0.025966405868530273,0.8418722152709961,4.854846686124802,0.15691188536584377,0.04423202574253082,0.29345086216926575,0.08486587181687355,0.35239094123244286,1.4611509442329407,2.69477915763855,14.826610565185547,0.520638033747673,0.6625000387430191,4.02454936504364,0.08,,
ok,core_short,madelon_lite,fixedK_lattice,core_madelon_lite_K16_D1x_L2_S0,0,3072,2048,4096,5,5,0,0,16,2,488,64,"[[16, 16], [16, 16]]",22,14,1.0092720985412598,0.09845023353894551,0.9905598958333334,0.10999912768602371,0.986328125,0.11672655493021011,0.984130859375,0.10999912768602371,0.986328125,0.984130859375,0.00642903645833337,0.037477731704711914,0.958233118057251,1.9238086938858032,0.14413565024733543,0.1107717901468277,0.17996825277805328,0.11134663596749306,0.20456410571932793,1.23401540517807,3.4078335762023926,30.223559379577637,0.4860026389360428,0.6201172173023224,1.846605122089386,0.08,,
ok,core_short,madelon_lite,fixedK_lattice,core_madelon_lite_K32_D1x_L2_S0,0,3072,2048,4096,5,5,0,0,32,2,936,128,"[[32, 32], [32, 32]]",32,24,1.5674231052398682,0.025454166034857433,0.99609375,0.06352590024471283,0.9833984375,0.0650470033288002,0.983642578125,0.06352590024471283,0.9833984375,0.983642578125,0.012451171875,0.05600786209106445,1.4919908046722412,3.2113016843795776,0.12417600676417351,0.08621618896722794,0.16429665684700012,0.1299084946513176,0.4118063896894455,1.5109609961509705,3.797234892845154,45.23822212219238,0.48033855855464935,0.6483073234558105,2.9336694180965424,0.08,,
ok,core_short,madelon_lite,fixedK_lattice,core_madelon_lite_K64_D1x_L2_S0,0,3072,2048,4096,5,5,0,0,64,2,1832,256,"[[64, 64], [64, 64]]",38,30,1.758007287979126,0.04757420470317205,0.9905598958333334,0.18892166018486023,0.9404296875,0.19100689888000488,0.9384765625,0.18892166018486023,0.9404296875,0.9384765625,0.05208333333333337,0.09366607666015625,1.6495671272277832,2.8935723304748535,0.10456787794828415,0.07034905254840851,0.13698814809322357,0.10887527465820312,0.5572445541620255,1.7960870862007141,4.5295491218566895,94.42689514160156,0.49303388595581055,0.6757812798023224,2.5245699286460876,0.08,,
ok,core_short,madelon_lite,fixedK_lattice,core_madelon_lite_K2_D2x_L2_S0,0,3072,2048,4096,5,10,5,1,2,2,166,8,"[[2, 2], [2, 2]]",60,60,2.6802704334259033,0.0880484754840533,0.9798177083333334,0.11881491541862488,0.966796875,0.1080341525375843,0.972900390625,0.11881491541862488,0.966796875,0.972900390625,0.00691731770833337,0.021271705627441406,2.639854907989502,2.5174513310194016,0.2915625348687172,0.08820585161447525,0.5281209945678711,0.32349154353141785,0.7042496502399445,2.1710391640663147,1.6960286498069763,5.470232009887695,0.2907877713441849,0.3592773675918579,2.7057022750377655,0.08,,
ok,core_short,madelon_lite,fixedK_lattice,core_madelon_lite_K4_D2x_L2_S0,0,3072,2048,4096,5,10,5,1,4,2,262,16,"[[4, 4], [4, 4]]",60,55,2.7316882610321045,0.03787368660171827,0.9915364583333334,0.09924295544624329,0.97705078125,0.08808198943734169,0.976806640625,0.09924295544624329,0.97705078125,0.976806640625,0.01472981770833337,0.02201366424560547,2.6903228759765625,3.177536189556122,0.18948371335864067,0.07225552201271057,0.3240463137626648,0.19717175513505936,0.44236402213573456,1.6151506304740906,2.1559760570526123,8.644911766052246,0.31458336114883423,0.36582033336162567,3.1834669560194016,0.08,,
ok,core_short,madelon_lite,fixedK_lattice,core_madelon_lite_K8_D2x_L2_S0,0,3072,2048,4096,5,10,5,1,8,2,454,32,"[[8, 8], [8, 8]]",45,37,2.094665765762329,0.01125607080757618,0.9973958333333334,0.04591198265552521,0.98974609375,0.05586807243525982,0.98681640625,0.04591198265552521,0.98974609375,0.98681640625,0.01057942708333337,0.028994083404541016,2.050015687942505,6.094324588775635,0.1522995177656412,0.0413769893348217,0.2964441776275635,0.10621753707528114,0.29743801802396774,1.3777510523796082,2.6931158304214478,14.804193019866943,0.2574869841337204,0.3311198055744171,4.950186371803284,0.08,,
ok,core_short,madelon_lite,fixedK_lattice,core_madelon_lite_K16_D2x_L2_S0,0,3072,2048,4096,5,10,5,1,16,2,838,64,"[[16, 16], [16, 16]]",42,34,1.9656882286071777,0.01846453237036864,0.9964192708333334,0.058739498257637024,0.98828125,0.0567257571965456,0.989013671875,0.058739498257637024,0.98828125,0.989013671875,0.00740559895833337,0.03797149658203125,1.9134280681610107,3.139892280101776,0.13774938881397247,0.08965644240379333,0.2079276740550995,0.14657288417220116,0.187507264316082,1.2082385420799255,3.318263292312622,27.792227745056152,0.24361979961395264,0.3211263120174408,2.9616613388061523,0.08,,
ok,core_short,madelon_lite,fixedK_lattice,core_madelon_lite_K32_D2x_L2_S0,0,3072,2048,4096,5,10,5,1,32,2,1606,128,"[[32, 32], [32, 32]]",24,16,1.127044677734375,0.06631192068258922,0.9895833333333334,0.11295107007026672,0.97021484375,0.11539997905492783,0.97509765625,0.11295107007026672,0.97021484375,0.97509765625,0.01448567708333337,0.056792259216308594,1.0536868572235107,2.5670623183250427,0.12537414208054543,0.09157825261354446,0.1562160700559616,0.1214589774608612,0.4187467247247696,1.5220031142234802,3.844158172607422,47.51224136352539,0.2402995005249977,0.32871095836162567,2.353707015514374,0.08,,
ok,core_short,madelon_lite,fixedK_lattice,core_madelon_lite_K64_D2x_L2_S0,0,3072,2048,4096,5,10,5,1,64,2,3142,256,"[[64, 64], [64, 64]]",37,29,1.808157205581665,0.050067394971847534,0.9905598958333334,0.23126712441444397,0.939453125,0.20407748222351074,0.951904296875,0.23126712441444397,0.939453125,0.951904296875,0.03865559895833337,0.094390869140625,1.698392629623413,3.43891978263855,0.10362882539629936,0.06616275012493134,0.1482590138912201,0.12150943279266357,0.5379804074764252,1.7679080963134766,4.486779451370239,91.12551879882812,0.2455078288912773,0.33847658336162567,3.009527087211609,0.08,,
ok,core_short,madelon_lite,fixedK_lattice,core_madelon_lite_K2_D4x_L2_S0,0,3072,2048,4096,5,20,15,3,2,2,306,8,"[[2, 2], [2, 2]]",60,57,2.6548616886138916,0.11020763715108235,0.9606119791666666,0.1453535258769989,0.94482421875,0.14041059464216232,0.94140625,0.1453535258769989,0.94482421875,0.94140625,0.01920572916666663,0.019812345504760742,2.61942720413208,2.3518108129501343,0.26211385056376457,0.08362039923667908,0.4964996874332428,0.2638392597436905,0.5868674367666245,1.93384450674057,1.6681984663009644,5.306373596191406,0.13196615129709244,0.195475272834301,2.366776257753372,0.08,,
ok,core_short,madelon_lite,fixedK_lattice,core_madelon_lite_K4_D4x_L2_S0,0,3072,2048,4096,5,20,15,3,4,2,482,16,"[[4, 4], [4, 4]]",34,26,1.597102165222168,0.0527431865533193,0.9866536458333334,0.09427794814109802,0.9755859375,0.09114714339375496,0.97265625,0.09427794814109802,0.9755859375,0.97265625,0.01399739583333337,0.0254213809967041,1.5565776824951172,2.996800124645233,0.1943831481039524,0.07531736046075821,0.3260803520679474,0.21837057173252106,0.5590225011110306,1.7937436699867249,2.1527042388916016,8.639293432235718,0.14205729588866234,0.17364909499883652,2.8894863575696945,0.08,,
ok,core_short,madelon_lite,fixedK_lattice,core_madelon_lite_K8_D4x_L2_S0,0,3072,2048,4096,5,20,15,3,8,2,834,32,"[[8, 8], [8, 8]]",46,38,2.175825357437134,0.019173615301648777,0.9957682291666666,0.0445302277803421,0.99072265625,0.046828508377075195,0.98876953125,0.0445302277803421,0.99072265625,0.98876953125,0.00699869791666663,0.029175519943237305,2.1328368186950684,6.061069488525391,0.14946293272078037,0.040351614356040955,0.2975643277168274,0.11816350370645523,0.30406977236270905,1.372289001941681,2.6862988471984863,14.685396671295166,0.12875977158546448,0.15252279490232468,5.498413771390915,0.08,,
ok,core_short,madelon_lite,fixedK_lattice,core_madelon_lite_K16_D4x_L2_S0,0,3072,2048,4096,5,20,15,3,16,2,1538,64,"[[16, 16], [16, 16]]",16,8,0.7953402996063232,0.3404017587502797,0.9820963541666666,0.3326255679130554,0.98779296875,0.3428899943828583,0.9794921875,0.3326255679130554,0.98779296875,0.9794921875,0.0026041666666666297,0.03743147850036621,0.7384049892425537,1.7677249908447266,0.1446310356259346,0.1235792264342308,0.17205671966075897,0.09701918810606003,0.2745155841112137,1.33661687374115,3.3362842798233032,28.32759189605713,0.12252604961395264,0.16746419668197632,1.5896878242492676,0.08,,
ok,core_short,madelon_lite,fixedK_lattice,core_madelon_lite_K32_D4x_L2_S0,0,3072,2048,4096,5,20,15,3,32,2,2946,128,"[[32, 32], [32, 32]]",37,29,1.7100520133972168,0.024262565498550732,0.9951171875,0.08444460481405258,0.978515625,0.08621823415160179,0.978271484375,0.08444460481405258,0.978515625,0.978271484375,0.016845703125,0.0579984188079834,1.6373858451843262,3.72983717918396,0.12216509133577347,0.07928518205881119,0.16469211876392365,0.1467605158686638,0.4195726364850998,1.524096965789795,3.8113871812820435,45.96975135803223,0.11573893576860428,0.16331381350755692,3.437243402004242,0.08,,
ok,core_short,madelon_lite,fixedK_lattice,core_madelon_lite_K64_D4x_L2_S0,0,3072,2048,4096,5,20,15,3,64,2,5762,256,"[[64, 64], [64, 64]]",60,54,2.8257572650909424,0.029031217098236084,0.9938151041666666,0.15953941643238068,0.94970703125,0.1494973599910736,0.95751953125,0.15953941643238068,0.94970703125,0.95751953125,0.03629557291666663,0.09036779403686523,2.7153139114379883,3.8775250911712646,0.10262305662035942,0.06061672791838646,0.1623101830482483,0.16084448993206024,0.5327013581991196,1.765792727470398,4.45910120010376,88.14122772216797,0.11741537228226662,0.1653645932674408,3.4030288457870483,0.08,,
ok,core_short,madelon_lite,fixedK_lattice,core_madelon_lite_K2_D1x_L4_S0,0,3072,2048,4096,5,5,0,0,2,4,180,16,"[[2, 2], [2, 2], [2, 2], [2, 2]]",59,51,3.9363460540771484,0.05881779144207636,0.9869791666666666,0.07956810295581818,0.9833984375,0.07573636248707771,0.9814453125,0.07956810295581818,0.9833984375,0.9814453125,0.00553385416666663,0.03678750991821289,3.8776843547821045,2.2475339770317078,0.22622374072670937,0.09899136424064636,0.5095373392105103,0.13465244509279728,0.8231430202722549,2.533115416765213,1.2949045300483704,3.9122739732265472,0.44544272869825363,0.8449544608592987,1.7176458239555359,0.08,,
ok,core_short,madelon_lite,fixedK_lattice,core_madelon_lite_K4_D1x_L4_S0,0,3072,2048,4096,5,5,0,0,4,4,292,32,"[[4, 4], [4, 4], [4, 4], [4, 4]]",60,55,3.968390464782715,0.019095337949693203,0.9947916666666666,0.06722445785999298,0.986328125,0.07229001075029373,0.984375,0.06722445785999298,0.986328125,0.984375,0.01041666666666663,0.04255509376525879,3.899714946746826,3.591110721230507,0.17473153956234455,0.06465885043144226,0.3892923593521118,0.10312019661068916,0.7284449189901352,2.1868393421173096,1.9384914636611938,7.023079037666321,0.5123698264360428,0.8522786796092987,3.2701608762145042,0.08,,
ok,core_short,madelon_lite,fixedK_lattice,core_madelon_lite_K8_D1x_L4_S0,0,3072,2048,4096,5,5,0,0,8,4,516,64,"[[8, 8], [8, 8], [8, 8], [8, 8]]",53,45,3.545254945755005,0.13981696963310242,0.9586588541666666,0.1528090238571167,0.95654296875,0.14561519771814346,0.9560546875,0.1528090238571167,0.95654296875,0.9560546875,0.0026041666666666297,0.049139976501464844,3.475416660308838,6.077108606696129,0.16048256680369377,0.03991936892271042,0.3033355474472046,0.09978204220533371,0.24201571545563638,1.3549126088619232,2.2435836791992188,10.156845331192017,0.49466148763895035,0.7971354573965073,5.762434922158718,0.08,,
ok,core_short,madelon_lite,fixedK_lattice,core_madelon_lite_K16_D1x_L4_S0,0,3072,2048,4096,5,5,0,0,16,4,964,128,"[[16, 16], [16, 16], [16, 16], [16, 16]]",26,18,1.7380502223968506,0.1514088213443756,0.9755859375,0.1651153862476349,0.97216796875,0.1772332713007927,0.9609375,0.1651153862476349,0.97216796875,0.9609375,0.0146484375,0.0667579174041748,1.6497366428375244,1.4854986369609833,0.14840189553797245,0.0958995670080185,0.24028213322162628,0.10349046811461449,0.24827343598008156,1.2923008501529694,3.2078426480293274,25.289626598358154,0.4878906384110451,0.7786458879709244,1.6707044392824173,0.08,,
ok,core_short,madelon_lite,fixedK_lattice,core_madelon_lite_K32_D1x_L4_S0,0,3072,2048,4096,5,5,0,0,32,4,1860,256,"[[32, 32], [32, 32], [32, 32], [32, 32]]",38,30,2.6239585876464844,0.11727296561002731,0.9716796875,0.1488111913204193,0.96435546875,0.16081948578357697,0.958251953125,0.1488111913204193,0.96435546875,0.958251953125,0.013427734375,0.10275721549987793,2.498380184173584,2.257722169160843,0.13548350147902966,0.08712302148342133,0.2094699889421463,0.10637525282800198,0.38808855414390564,1.4889386296272278,3.634044110774994,39.589088439941406,0.49742841720581055,0.7796224355697632,2.385849177837372,0.08,,
ok,core_short,madelon_lite,fixedK_lattice,core_madelon_lite_K64_D1x_L4_S0,0,3072,2048,4096,5,5,0,0,64,4,3652,512,"[[64, 64], [64, 64], [64, 64], [64, 64]]",55,47,3.7788963317871094,0.24122411012649536,0.9104817708333334,0.34026703238487244,0.87744140625,0.3447837829589844,0.86572265625,0.34026703238487244,0.87744140625,0.86572265625,0.04475911458333337,0.17733049392700195,3.580030679702759,2.614923045039177,0.12827666103839874,0.06470073014497757,0.2742854952812195,0.08394443057477474,0.47069795429706573,1.6601239144802094,4.404506206512451,83.39503479003906,0.5590169727802277,0.849772185087204,2.9014029502868652,0.08,,
ok,core_short,madelon_lite,fixedK_lattice,core_madelon_lite_K2_D2x_L4_S0,0,3072,2048,4096,5,10,5,1,2,4,310,16,"[[2, 2], [2, 2], [2, 2], [2, 2]]",35,27,2.281710147857666,0.11231116950511932,0.9664713541666666,0.13397185504436493,0.955078125,0.1330149620771408,0.954345703125,0.13397185504436493,0.955078125,0.954345703125,0.01212565104166663,0.03589463233947754,2.2248291969299316,2.49717478454113,0.22776402905583382,0.09291673451662064,0.5135613083839417,0.13291362300515175,0.8402186296880245,2.56872496008873,1.44200199842453,4.348652362823486,0.20642904564738274,0.4140625149011612,1.8041590452194214,0.08,,
ok,core_short,madelon_lite,fixedK_lattice,core_madelon_lite_K4_D2x_L4_S0,0,3072,2048,4096,5,10,5,1,4,4,502,32,"[[4, 4], [4, 4], [4, 4], [4, 4]]",46,38,3.047136068344116,0.029437188059091568,0.9934895833333334,0.0823526382446289,0.9833984375,0.0794854536652565,0.98193359375,0.0823526382446289,0.9833984375,0.98193359375,0.01155598958333337,0.04065442085266113,2.9848766326904297,2.9639206677675247,0.17947209998965263,0.0709632858633995,0.4170364737510681,0.10571437701582909,0.7056892663240433,2.1208457946777344,1.93301522731781,7.073450684547424,0.2466634288430214,0.4162597805261612,2.6772402822971344,0.08,,
ok,core_short,madelon_lite,fixedK_lattice,core_madelon_lite_K8_D2x_L4_S0,0,3072,2048,4096,5,10,5,1,8,4,886,64,"[[8, 8], [8, 8], [8, 8], [8, 8]]",14,6,0.9768011569976807,0.5303055644035339,0.8193359375,0.5446752905845642,0.81494140625,0.5519052147865295,0.805908203125,0.5446752905845642,0.81494140625,0.805908203125,0.013427734375,0.05120420455932617,0.9045605659484863,3.3355381339788437,0.16447765287011862,0.04804202914237976,0.2785729169845581,0.08026126585900784,0.27511297538876534,1.3552283644676208,2.4352731108665466,11.815287709236145,0.27526043727993965,0.415690116584301,3.4012488424777985,0.08,,
ok,core_short,madelon_lite,fixedK_lattice,core_madelon_lite_K16_D2x_L4_S0,0,3072,2048,4096,5,10,5,1,16,4,1654,128,"[[16, 16], [16, 16], [16, 16], [16, 16]]",30,22,2.081061840057373,0.09496864676475525,0.98046875,0.09512510150671005,0.9775390625,0.10992225259542465,0.971923828125,0.09512510150671005,0.9775390625,0.971923828125,0.008544921875,0.06859111785888672,1.99045729637146,1.6103413701057434,0.14827813394367695,0.09660497307777405,0.23494672775268555,0.10227865912020206,0.26111670210957527,1.3147110641002655,3.114568531513214,23.72446322441101,0.22456055879592896,0.3727050945162773,1.8142956495285034,0.08,,
ok,core_short,madelon_lite,fixedK_lattice,core_madelon_lite_K32_D2x_L4_S0,0,3072,2048,4096,5,10,5,1,32,4,3190,256,"[[32, 32], [32, 32], [32, 32], [32, 32]]",44,36,2.9172608852386475,0.11092635244131088,0.9674479166666666,0.16669872403144836,0.95068359375,0.166622593998909,0.950927734375,0.16669872403144836,0.95068359375,0.950927734375,0.01652018229166663,0.1036229133605957,2.79217791557312,1.8883934617042542,0.1352747194468975,0.09012526273727417,0.19633325934410095,0.09739949554204941,0.371678002178669,1.459415316581726,3.789692223072052,44.99604034423828,0.24860026687383652,0.39389650523662567,2.0591949224472046,0.08,,
ok,core_short,madelon_lite,fixedK_lattice,core_madelon_lite_K64_D2x_L4_S0,0,3072,2048,4096,5,10,5,1,64,4,6262,512,"[[64, 64], [64, 64], [64, 64], [64, 64]]",55,47,3.756403684616089,0.2565147876739502,0.9039713541666666,0.33509624004364014,0.87841796875,0.3441777974367142,0.866455078125,0.33509624004364014,0.87841796875,0.866455078125,0.03751627604166663,0.16754722595214844,3.566359519958496,2.6419637501239777,0.1291080228984356,0.062403250485658646,0.25985389947891235,0.08778033778071404,0.4281937703490257,1.591524362564087,4.353950142860413,80.08610916137695,0.2647135518491268,0.40449221432209015,2.8415244221687317,0.08,,
ok,core_short,madelon_lite,fixedK_lattice,core_madelon_lite_K2_D4x_L4_S0,0,3072,2048,4096,5,20,15,3,2,4,570,16,"[[2, 2], [2, 2], [2, 2], [2, 2]]",53,45,3.5086824893951416,0.06383281946182251,0.9908854166666666,0.08146945387125015,0.98828125,0.06239685043692589,0.991455078125,0.08146945387125015,0.98828125,0.991455078125,-0.0005696614583333703,0.03508639335632324,3.4522600173950195,2.4252572879195213,0.22654814273118973,0.0964026227593422,0.542734682559967,0.1250869557261467,0.7992326822131872,2.5186904668807983,1.3418601006269455,3.948929250240326,0.12183431722223759,0.21291504800319672,1.8699588105082512,0.08,,
ok,core_short,madelon_lite,fixedK_lattice,core_madelon_lite_K4_D4x_L4_S0,0,3072,2048,4096,5,20,15,3,4,4,922,32,"[[4, 4], [4, 4], [4, 4], [4, 4]]",44,36,2.9586262702941895,0.025102034211158752,0.9934895833333334,0.0570685938000679,0.9873046875,0.06743726506829262,0.985107421875,0.0570685938000679,0.9873046875,0.985107421875,0.00838216145833337,0.04361414909362793,2.893449068069458,3.365045726299286,0.174922002479434,0.06538283824920654,0.3995307981967926,0.12019852548837662,0.6220935508608818,1.9519489407539368,1.9819370210170746,7.305956482887268,0.1295084711164236,0.21790365502238274,3.1432097405195236,0.08,,
ok,core_short,madelon_lite,fixedK_lattice,core_madelon_lite_K8_D4x_L4_S0,0,3072,2048,4096,5,20,15,3,8,4,1626,64,"[[8, 8], [8, 8], [8, 8], [8, 8]]",40,32,2.6272456645965576,0.12834376096725464,0.9690755208333334,0.1489020138978958,0.96875,0.15371108055114746,0.966064453125,0.1489020138978958,0.96875,0.966064453125,0.0030110677083333703,0.0494837760925293,2.5497238636016846,6.892116874456406,0.16291938163340092,0.04622559994459152,0.2902693450450897,0.08525173924863338,0.21318272734060884,1.2823723554611206,2.3132233321666718,10.625343322753906,0.1317138709127903,0.19637859240174294,6.103639326989651,0.08,,
ok,core_short,madelon_lite,fixedK_lattice,core_madelon_lite_K16_D4x_L4_S0,0,3072,2048,4096,5,20,15,3,16,4,3034,128,"[[16, 16], [16, 16], [16, 16], [16, 16]]",46,38,3.085634469985962,0.049947589635849,0.9908854166666666,0.05876215547323227,0.98828125,0.051486462354660034,0.98974609375,0.05876215547323227,0.98828125,0.98974609375,0.0011393229166666297,0.07227015495300293,2.9911794662475586,2.052374243736267,0.14549719542264938,0.09115061163902283,0.1890089511871338,0.13168101385235786,0.34092868119478226,1.4335838854312897,2.898389458656311,19.995858430862427,0.10375163331627846,0.17881673574447632,1.9740644991397858,0.08,,
ok,core_short,madelon_lite,fixedK_lattice,core_madelon_lite_K32_D4x_L4_S0,0,3072,2048,4096,5,20,15,3,32,4,5850,256,"[[32, 32], [32, 32], [32, 32], [32, 32]]",54,46,3.6424448490142822,0.11085200309753418,0.9694010416666666,0.13484880328178406,0.96142578125,0.15922972559928894,0.951904296875,0.13484880328178406,0.96142578125,0.951904296875,0.01749674479166663,0.10435771942138672,3.5166561603546143,1.931323379278183,0.13621870055794716,0.08484886586666107,0.19561468064785004,0.09761025197803974,0.4215366244316101,1.540283441543579,3.6569209694862366,39.94989490509033,0.11997070722281933,0.19016927853226662,2.103661060333252,0.08,,
ok,core_short,madelon_lite,fixedK_lattice,core_madelon_lite_K64_D4x_L4_S0,0,3072,2048,4096,5,20,15,3,64,4,11482,512,"[[64, 64], [64, 64], [64, 64], [64, 64]]",36,28,2.488074541091919,0.37344643473625183,0.8499348958333334,0.4332617521286011,0.8134765625,0.45355698466300964,0.798095703125,0.4332617521286011,0.8134765625,0.798095703125,0.05183919270833337,0.17124295234680176,2.2952651977539062,2.48003351688385,0.12825558707118034,0.06610409915447235,0.23872050642967224,0.08185944333672523,0.4516474511474371,1.629149168729782,4.445423722267151,86.4493293762207,0.13540853559970856,0.2075195424258709,2.7688722163438797,0.08,,
ok,core_short,madelon_lite,fixedK_lattice,core_madelon_lite_K2_D1x_L8_S0,0,3072,2048,4096,5,5,0,0,2,8,348,32,"[[2, 2], [2, 2], [2, 2], [2, 2], [2, 2], [2, 2], [2, 2], [2, 2]]",51,43,5.655399322509766,0.04545911898215612,0.9908854166666666,0.05896805226802826,0.986328125,0.055272024124860764,0.988525390625,0.05896805226802826,0.986328125,0.988525390625,0.0023600260416666297,0.06436991691589355,5.553151369094849,3.4205200485885143,0.2189767174422741,0.0657057836651802,0.49182751774787903,0.09433814883232117,0.6950015602560597,2.2576887905597687,1.4175819605588913,4.336058586835861,0.5911295935511589,0.955761730670929,3.5201666839420795,0.08,,
ok,core_short,madelon_lite,fixedK_lattice,core_madelon_lite_K4_D1x_L8_S0,0,3072,2048,4096,5,5,0,0,4,8,572,64,"[[4, 4], [4, 4], [4, 4], [4, 4], [4, 4], [4, 4], [4, 4], [4, 4]]",59,51,6.568268537521362,0.18740971883138022,0.9475911458333334,0.19978605210781097,0.94287109375,0.20850858837366104,0.939453125,0.19978605210781097,0.94287109375,0.939453125,0.00813802083333337,0.0765831470489502,6.452956438064575,3.1188874058425426,0.23869236558675766,0.05614490061998367,0.5704917907714844,0.08500258810818195,0.4516142265347298,1.7164363265037537,1.6277407556772232,5.697557032108307,0.492513045668602,0.9291829541325569,4.707053065299988,0.08,,
ok,core_short,madelon_lite,fixedK_lattice,core_madelon_lite_K8_D1x_L8_S0,0,3072,2048,4096,5,5,0,0,8,8,1020,128,"[[8, 8], [8, 8], [8, 8], [8, 8], [8, 8], [8, 8], [8, 8], [8, 8]]",33,25,3.6238391399383545,0.29425544540087384,0.935546875,0.30008071660995483,0.93408203125,0.30389031767845154,0.92822265625,0.30008071660995483,0.93408203125,0.92822265625,0.00732421875,0.08810019493103027,3.4984235763549805,3.273779444396496,0.24581961566582322,0.04853294789791107,0.6706915497779846,0.0831359475851059,0.1472855560714379,1.1810394078493118,1.9735193401575089,8.070707976818085,0.5026692934334278,0.8992187604308128,5.345323547720909,0.08,,
ok,core_short,madelon_lite,fixedK_lattice,core_madelon_lite_K16_D1x_L8_S0,0,3072,2048,4096,5,5,0,0,16,8,1916,256,"[[16, 16], [16, 16], [16, 16], [16, 16], [16, 16], [16, 16], [16, 16], [16, 16]]",24,16,2.7627065181732178,0.6608749628067017,0.6546223958333334,0.6500133275985718,0.67919921875,0.6562281250953674,0.66259765625,0.6500133275985718,0.67919921875,0.66259765625,-0.00797526041666663,0.12391328811645508,2.5953474044799805,1.4569902569055557,0.1619900669902563,0.08194882422685623,0.2938101589679718,0.07892283983528614,0.46650632470846176,1.6412704437971115,3.050865113735199,21.966763615608215,0.5081217773258686,0.9299642071127892,2.230356864631176,0.08,,
ok,core_short,madelon_lite,fixedK_lattice,core_madelon_lite_K32_D1x_L8_S0,0,3072,2048,4096,5,5,0,0,32,8,3708,512,"[[32, 32], [32, 32], [32, 32], [32, 32], [32, 32], [32, 32], [32, 32], [32, 32]]",14,6,1.717003345489502,0.6429937283198038,0.6520182291666666,0.6556843519210815,0.6328125,0.6545274257659912,0.625244140625,0.6556843519210815,0.6328125,0.625244140625,0.02677408854166663,0.1924881935119629,1.4876799583435059,1.3117970377206802,0.1445029703900218,0.08021703362464905,0.2292800098657608,0.07930806651711464,0.6218864135444164,1.91774021089077,3.771977722644806,44.079023361206055,0.5367187783122063,0.9381836131215096,2.1604795455932617,0.08,,
ok,core_short,madelon_lite,fixedK_lattice,core_madelon_lite_K64_D1x_L8_S0,0,3072,2048,4096,5,5,0,0,64,8,7292,1024,"[[64, 64], [64, 64], [64, 64], [64, 64], [64, 64], [64, 64], [64, 64], [64, 64]]",33,25,3.8714759349823,0.7153968413670858,0.5475260416666666,0.7024440765380859,0.5654296875,0.7032659649848938,0.56884765625,0.7024440765380859,0.5654296875,0.56884765625,-0.02132161458333337,0.3378176689147949,3.4949896335601807,1.7982563972473145,0.1725334720686078,0.07294926047325134,0.3898422420024872,0.08080560993403196,0.47759163565933704,1.678354948759079,4.3482189774513245,78.8493595123291,0.5166992470622063,0.9288899973034859,3.296727731823921,0.08,,
ok,core_short,madelon_lite,fixedK_lattice,core_madelon_lite_K2_D2x_L8_S0,0,3072,2048,4096,5,10,5,1,2,8,598,32,"[[2, 2], [2, 2], [2, 2], [2, 2], [2, 2], [2, 2], [2, 2], [2, 2]]",33,25,3.657803535461426,0.05058203016718229,0.990234375,0.05957212299108505,0.98828125,0.06933335959911346,0.984130859375,0.05957212299108505,0.98828125,0.984130859375,0.006103515625,0.06543660163879395,3.555309534072876,4.101682525128126,0.22272346168756485,0.06395485252141953,0.5223749876022339,0.0940273916348815,0.7665363705418713,2.549022763967514,1.3465530425310135,4.085275888442993,0.277522798627615,0.4787190780043602,4.2302198223769665,0.08,,
ok,core_short,madelon_lite,fixedK_lattice,core_madelon_lite_K4_D2x_L8_S0,0,3072,2048,4096,5,10,5,1,4,8,982,64,"[[4, 4], [4, 4], [4, 4], [4, 4], [4, 4], [4, 4], [4, 4], [4, 4]]",60,54,6.520614147186279,0.1495700478553772,0.9583333333333334,0.15742656588554382,0.95556640625,0.15846846997737885,0.951904296875,0.15742656588554382,0.95556640625,0.951904296875,0.00642903645833337,0.07474160194396973,6.398634672164917,2.5197905264794827,0.2338746665045619,0.05971725285053253,0.5694125294685364,0.08936459105461836,0.5006102485349402,1.8381758779287338,1.5350086838006973,5.057209342718124,0.24507650919258595,0.4679117910563946,3.1973317936062813,0.08,,
ok,core_short,madelon_lite,fixedK_lattice,core_madelon_lite_K8_D2x_L8_S0,0,3072,2048,4096,5,10,5,1,8,8,1750,128,"[[8, 8], [8, 8], [8, 8], [8, 8], [8, 8], [8, 8], [8, 8], [8, 8]]",17,9,1.947319507598877,0.4970165292421977,0.7796223958333334,0.5023729801177979,0.77734375,0.5012650191783905,0.7705078125,0.5023729801177979,0.77734375,0.7705078125,0.00911458333333337,0.0865027904510498,1.8224778175354004,2.9815888553857803,0.24510868452489376,0.04839550331234932,0.6184254884719849,0.0813667019829154,0.17537584237288684,1.2158275693655014,1.9912514686584473,8.081837058067322,0.2771565895527601,0.4569091834127903,5.813337408006191,0.08,,
ok,core_short,madelon_lite,fixedK_lattice,core_madelon_lite_K16_D2x_L8_S0,0,3072,2048,4096,5,10,5,1,16,8,3286,256,"[[16, 16], [16, 16], [16, 16], [16, 16], [16, 16], [16, 16], [16, 16], [16, 16]]",20,12,2.281694173812866,0.670953631401062,0.6080729166666666,0.6700111031532288,0.61083984375,0.672607421875,0.607421875,0.6700111031532288,0.61083984375,0.607421875,0.0006510416666666297,0.12876367568969727,2.113722801208496,1.4611563384532928,0.1639196928590536,0.0829843059182167,0.2888464033603668,0.07847032882273197,0.46669615898281336,1.6710166335105896,3.0951451659202576,22.88055980205536,0.2612467613071203,0.4674235135316849,2.25868459045887,0.08,,
ok,core_short,madelon_lite,fixedK_lattice,core_madelon_lite_K32_D2x_L8_S0,0,3072,2048,4096,5,10,5,1,32,8,6358,512,"[[32, 32], [32, 32], [32, 32], [32, 32], [32, 32], [32, 32], [32, 32], [32, 32]]",23,15,2.747710943222046,0.6646369695663452,0.603515625,0.6674317121505737,0.60791015625,0.6614558100700378,0.616943359375,0.6674317121505737,0.60791015625,0.616943359375,-0.013427734375,0.1948716640472412,2.515178918838501,1.357226125895977,0.14480166230350733,0.07515905052423477,0.2392064481973648,0.08128125686198473,0.6318240985274315,1.9393325597047806,3.729702591896057,42.64675259590149,0.2606119941920042,0.47136231139302254,2.190180979669094,0.08,,
ok,core_short,madelon_lite,fixedK_lattice,core_madelon_lite_K64_D2x_L8_S0,0,3072,2048,4096,5,10,5,1,64,8,12502,1024,"[[64, 64], [64, 64], [64, 64], [64, 64], [64, 64], [64, 64], [64, 64], [64, 64]]",16,8,2.055539846420288,0.6909229159355164,0.5524088541666666,0.6935070753097534,0.5693359375,0.6955307722091675,0.54443359375,0.6935070753097534,0.5693359375,0.54443359375,0.00797526041666663,0.3332695960998535,1.6796810626983643,1.7204788476228714,0.1667978223413229,0.07618120312690735,0.3300759196281433,0.08004432264715433,0.5371358562260866,1.8014531880617142,4.166151225566864,67.45780086517334,0.2603108864277601,0.4705566540360451,3.0154575556516647,0.08,,
ok,core_short,madelon_lite,fixedK_lattice,core_madelon_lite_K2_D4x_L8_S0,0,3072,2048,4096,5,20,15,3,2,8,1098,32,"[[2, 2], [2, 2], [2, 2], [2, 2], [2, 2], [2, 2], [2, 2], [2, 2]]",39,31,4.299289226531982,0.026579296837250393,0.9951171875,0.033182479441165924,0.994140625,0.034401632845401764,0.993408203125,0.033182479441165924,0.994140625,0.993408203125,0.001708984375,0.06588864326477051,4.194713592529297,4.709194947034121,0.22449258714914322,0.06258998811244965,0.5431382656097412,0.09632369596511126,0.8256304271053523,2.652074173092842,1.3012070506811142,4.02462911605835,0.14760742988437414,0.23615722730755806,4.978939518332481,0.08,,
ok,core_short,madelon_lite,fixedK_lattice,core_madelon_lite_K4_D4x_L8_S0,0,3072,2048,4096,5,20,15,3,4,8,1802,64,"[[4, 4], [4, 4], [4, 4], [4, 4], [4, 4], [4, 4], [4, 4], [4, 4]]",32,24,3.4540748596191406,0.18713744481404623,0.9495442708333334,0.21309055387973785,0.94091796875,0.2007073014974594,0.945068359375,0.21309055387973785,0.94091796875,0.945068359375,0.00447591145833337,0.07295536994934082,3.3380930423736572,2.5576281696558,0.23543551471084356,0.06515886634588242,0.5838115811347961,0.08079080656170845,0.4831264716340229,1.825854703783989,1.3318093195557594,4.5275017619133,0.11866455618292093,0.23197021894156933,3.6875701546669006,0.08,,
ok,core_short,madelon_lite,fixedK_lattice,core_madelon_lite_K8_D4x_L8_S0,0,3072,2048,4096,5,20,15,3,8,8,3210,128,"[[8, 8], [8, 8], [8, 8], [8, 8], [8, 8], [8, 8], [8, 8], [8, 8]]",28,20,3.1849117279052734,0.4434307912985484,0.833984375,0.43917810916900635,0.8466796875,0.45394597947597504,0.825927734375,0.43917810916900635,0.8466796875,0.825927734375,0.008056640625,0.09048986434936523,3.0562491416931152,3.047168653458357,0.24494170024991035,0.04750911518931389,0.6645558476448059,0.07958307955414057,0.17678907420486212,1.2226168364286423,2.0133095532655716,8.363870084285736,0.1319173239171505,0.2269205767661333,5.521260648965836,0.08,,
ok,core_short,madelon_lite,fixedK_lattice,core_madelon_lite_K16_D4x_L8_S0,0,3072,2048,4096,5,20,15,3,16,8,6026,256,"[[16, 16], [16, 16], [16, 16], [16, 16], [16, 16], [16, 16], [16, 16], [16, 16]]",22,14,2.4878127574920654,0.6500969529151917,0.6842447916666666,0.6523436903953552,0.6767578125,0.6490936875343323,0.68701171875,0.6523436903953552,0.6767578125,0.68701171875,-0.0027669270833333703,0.12717580795288086,2.3224692344665527,1.6644068360328674,0.16940770763903856,0.07858890295028687,0.31171372532844543,0.08173256553709507,0.4387646811082959,1.6042370945215225,3.0135237872600555,21.930652797222137,0.13132325187325478,0.23474528454244137,2.4238275438547134,0.08,,
ok,core_short,madelon_lite,fixedK_lattice,core_madelon_lite_K32_D4x_L8_S0,0,3072,2048,4096,5,20,15,3,32,8,11658,512,"[[32, 32], [32, 32], [32, 32], [32, 32], [32, 32], [32, 32], [32, 32], [32, 32]]",20,12,2.3614487648010254,0.6211624145507812,0.6350911458333334,0.6249680519104004,0.61962890625,0.6264965534210205,0.62890625,0.6249680519104004,0.61962890625,0.62890625,0.00618489583333337,0.2115342617034912,2.1118757724761963,1.2946264445781708,0.1452799942344427,0.07859025150537491,0.23089365661144257,0.08012639731168747,0.6649730652570724,2.0059135258197784,3.6623686254024506,40.11585569381714,0.1339192781597376,0.23487956076860428,2.1256798282265663,0.08,,
ok,core_short,madelon_lite,fixedK_lattice,core_madelon_lite_K64_D4x_L8_S0,0,3072,2048,4096,5,20,15,3,64,8,22922,1024,"[[64, 64], [64, 64], [64, 64], [64, 64], [64, 64], [64, 64], [64, 64], [64, 64]]",34,26,4.058122396469116,0.6862260103225708,0.5576171875,0.6845754384994507,0.5693359375,0.6865341067314148,0.559326171875,0.6845754384994507,0.5693359375,0.559326171875,-0.001708984375,0.3215494155883789,3.697603940963745,1.812017746269703,0.16401113756000996,0.07841750979423523,0.3450199067592621,0.08013100735843182,0.4836364835500717,1.6936327069997787,4.277175009250641,73.50504922866821,0.1297607496380806,0.23400879465043545,3.2067046985030174,0.08,,
ok,core_short,hastie_like,fixedK_lattice,core_hastie_like_K2_D1x_L2_S0,0,3072,2048,4096,5,5,0,0,2,2,96,8,"[[2, 2], [2, 2]]",60,58,2.689889430999756,0.3307181199391683,0.8623046875,0.3368903398513794,0.8623046875,0.33341464400291443,0.860107421875,0.3368903398513794,0.8623046875,0.860107421875,0.002197265625,0.01838970184326172,2.655514717102051,1.0420300662517548,0.3566649556159973,0.15800318121910095,0.702637255191803,0.34815818071365356,0.744938313961029,2.1494646668434143,1.5883108377456665,4.939409255981445,0.35833335667848587,0.8966146111488342,1.3781534433364868,0.08,,
ok,core_short,hastie_like,fixedK_lattice,core_hastie_like_K4_D1x_L2_S0,0,3072,2048,4096,5,5,0,0,4,2,152,16,"[[4, 4], [4, 4]]",60,54,2.7528631687164307,0.2633615831534068,0.8942057291666666,0.29621124267578125,0.88720703125,0.29722292721271515,0.885498046875,0.29621124267578125,0.88720703125,0.885498046875,0.00870768229166663,0.02769184112548828,2.7034034729003906,1.4646013230085373,0.2746141776442528,0.11616817861795425,0.574647068977356,0.32323504984378815,0.5907839387655258,1.8351694345474243,2.0650405883789062,7.892640113830566,0.4694010764360428,0.7525390982627869,1.5223882794380188,0.08,,
ok,core_short,hastie_like,fixedK_lattice,core_hastie_like_K8_D1x_L2_S0,0,3072,2048,4096,5,5,0,0,8,2,264,32,"[[8, 8], [8, 8]]",51,43,2.294572591781616,0.16745580236117044,0.931640625,0.23661592602729797,0.9091796875,0.2437005564570427,0.906494140625,0.23661592602729797,0.9091796875,0.906494140625,0.025146484375,0.03131604194641113,2.2489330768585205,2.218794524669647,0.23610733449459076,0.08630675822496414,0.4796290695667267,0.2265404388308525,0.6423938870429993,1.9842681884765625,2.7102839946746826,15.035848617553711,0.48098960518836975,0.7100260853767395,2.1491552591323853,0.08,,
ok,core_short,hastie_like,fixedK_lattice,core_hastie_like_K16_D1x_L2_S0,0,3072,2048,4096,5,5,0,0,16,2,488,64,"[[16, 16], [16, 16]]",48,40,2.256275177001953,0.15758153796195984,0.939453125,0.24708867073059082,0.91162109375,0.27129368484020233,0.893310546875,0.24708867073059082,0.91162109375,0.893310546875,0.046142578125,0.05013728141784668,2.190480947494507,2.240656405687332,0.21221961453557014,0.07449227571487427,0.3996756672859192,0.15915940701961517,0.6768683791160583,2.0732829570770264,3.2737550735473633,26.41239356994629,0.514843761920929,0.6779297292232513,2.178916096687317,0.08,,
ok,core_short,hastie_like,fixedK_lattice,core_hastie_like_K32_D1x_L2_S0,0,3072,2048,4096,5,5,0,0,32,2,936,128,"[[32, 32], [32, 32]]",58,50,2.723653793334961,0.13374972840150198,0.9521484375,0.41569411754608154,0.87158203125,0.3837674707174301,0.87548828125,0.41569411754608154,0.87158203125,0.87548828125,0.07666015625,0.05813765525817871,2.64711856842041,3.1282237470149994,0.1798047311604023,0.0539531335234642,0.3656507134437561,0.12131569162011147,0.6711337193846703,2.196840465068817,3.9681272506713867,53.0399169921875,0.5317708551883698,0.670572966337204,2.965756416320801,0.08,,
ok,core_short,hastie_like,fixedK_lattice,core_hastie_like_K64_D1x_L2_S0,0,3072,2048,4096,5,5,0,0,64,2,1832,256,"[[64, 64], [64, 64]]",26,18,1.27952241897583,0.18599494298299155,0.927734375,0.45446550846099854,0.83740234375,0.48030051589012146,0.820556640625,0.45446550846099854,0.83740234375,0.820556640625,0.107177734375,0.10013461112976074,1.1638720035552979,3.468099683523178,0.15953482128679752,0.04465131461620331,0.30049771070480347,0.08564123138785362,0.7804931998252869,2.567272186279297,4.630038261413574,103.63261032104492,0.5414062738418579,0.6580078601837158,3.187436819076538,0.08,,
ok,core_short,hastie_like,fixedK_lattice,core_hastie_like_K2_D2x_L2_S0,0,3072,2048,4096,5,10,5,1,2,2,166,8,"[[2, 2], [2, 2]]",60,60,2.6947221755981445,0.31205201148986816,0.8684895833333334,0.32755136489868164,0.86328125,0.3172065317630768,0.865966796875,0.32755136489868164,0.86328125,0.865966796875,0.0025227864583333703,0.021818876266479492,2.6574716567993164,1.2051124572753906,0.34380247443914413,0.14046794176101685,0.7652537226676941,0.4079727828502655,0.659122571349144,1.9688578844070435,1.4239701628684998,4.184374809265137,0.22255860269069672,0.44908855855464935,1.6149063110351562,0.08,,
ok,core_short,hastie_like,fixedK_lattice,core_hastie_like_K4_D2x_L2_S0,0,3072,2048,4096,5,10,5,1,4,2,262,16,"[[4, 4], [4, 4]]",60,58,2.794649600982666,0.23084305226802826,0.9013671875,0.27879953384399414,0.88232421875,0.27309831976890564,0.8876953125,0.27879953384399414,0.88232421875,0.8876953125,0.013671875,0.0263516902923584,2.7520534992218018,1.7486578524112701,0.2782055363059044,0.11372286081314087,0.6081064939498901,0.3471822589635849,0.630943700671196,1.9073742628097534,2.0304691791534424,7.620187997817993,0.23997396230697632,0.40279950201511383,1.822894275188446,0.08,,
ok,core_short,hastie_like,fixedK_lattice,core_hastie_like_K8_D2x_L2_S0,0,3072,2048,4096,5,10,5,1,8,2,454,32,"[[8, 8], [8, 8]]",60,60,2.81030011177063,0.1751128484805425,0.9339192708333334,0.26158905029296875,0.9033203125,0.25904716551303864,0.90185546875,0.26158905029296875,0.9033203125,0.90185546875,0.03206380208333337,0.03090381622314453,2.7557995319366455,2.044844627380371,0.2349010817706585,0.07783637940883636,0.5011457800865173,0.2666848450899124,0.6102844774723053,1.919618546962738,2.6535180807113647,14.282691478729248,0.23333334177732468,0.3416992276906967,1.9536305665969849,0.08,,
ok,core_short,hastie_like,fixedK_lattice,core_hastie_like_K16_D2x_L2_S0,0,3072,2048,4096,5,10,5,1,16,2,838,64,"[[16, 16], [16, 16]]",53,45,2.4551749229431152,0.1578519344329834,0.9430338541666666,0.2613091766834259,0.90283203125,0.272440642118454,0.892822265625,0.2613091766834259,0.90283203125,0.892822265625,0.05021158854166663,0.04209423065185547,2.399085760116577,2.594745308160782,0.20564397796988487,0.06297275424003601,0.4024111330509186,0.19806784391403198,0.5830523669719696,1.8865792155265808,3.2880221605300903,26.790510177612305,0.26370443403720856,0.3348958492279053,2.5255507826805115,0.08,,
ok,core_short,hastie_like,fixedK_lattice,core_hastie_like_K32_D2x_L2_S0,0,3072,2048,4096,5,10,5,1,32,2,1606,128,"[[32, 32], [32, 32]]",31,23,1.4589450359344482,0.19158015151818594,0.9267578125,0.4173389971256256,0.84521484375,0.40391387045383453,0.85205078125,0.4173389971256256,0.84521484375,0.85205078125,0.07470703125,0.06580448150634766,1.3763034343719482,2.6367168873548508,0.1864745356142521,0.05833377689123154,0.34838417172431946,0.10330524295568466,0.7406359761953354,2.372972309589386,3.9849807024002075,53.847129821777344,0.26787111163139343,0.3372395932674408,2.6030939519405365,0.08,,
ok,core_short,hastie_like,fixedK_lattice,core_hastie_like_K64_D2x_L2_S0,0,3072,2048,4096,5,10,5,1,64,2,3142,256,"[[64, 64], [64, 64]]",32,24,1.6156563758850098,0.12709225217501322,0.9573567708333334,0.4120117425918579,0.85302734375,0.3892616480588913,0.857421875,0.4120117425918579,0.85302734375,0.857421875,0.09993489583333337,0.0998544692993164,1.4924139976501465,4.467749834060669,0.156886650249362,0.04219507426023483,0.3116975724697113,0.0908152237534523,0.7700021788477898,2.531727373600006,4.598015546798706,100.5341567993164,0.2614583522081375,0.31995444744825363,3.9704198837280273,0.08,,
ok,core_short,hastie_like,fixedK_lattice,core_hastie_like_K2_D4x_L2_S0,0,3072,2048,4096,5,20,15,3,2,2,306,8,"[[2, 2], [2, 2]]",60,58,2.722414016723633,0.351075013478597,0.8541666666666666,0.35080868005752563,0.86181640625,0.3661820590496063,0.852294921875,0.35080868005752563,0.86181640625,0.852294921875,0.0018717447916666297,0.022208690643310547,2.6847009658813477,1.0969676822423935,0.3441569060087204,0.14436905086040497,0.7036324143409729,0.36158858239650726,0.6425560563802719,1.9687252640724182,1.6028247475624084,4.972052574157715,0.1218261793255806,0.21145834773778915,1.495936006307602,0.08,,
ok,core_short,hastie_like,fixedK_lattice,core_hastie_like_K4_D4x_L2_S0,0,3072,2048,4096,5,20,15,3,4,2,482,16,"[[4, 4], [4, 4]]",55,47,2.569749355316162,0.2782212197780609,0.8746744791666666,0.31455445289611816,0.87158203125,0.31016483902931213,0.873046875,0.31455445289611816,0.87158203125,0.873046875,0.0016276041666666297,0.022713661193847656,2.529989719390869,1.480890691280365,0.27830757945775986,0.1152477040886879,0.5186263918876648,0.317677840590477,0.6089467406272888,1.8880565166473389,2.1533327102661133,8.613519668579102,0.12456055730581284,0.19975586980581284,1.7372660338878632,0.08,,
ok,core_short,hastie_like,fixedK_lattice,core_hastie_like_K8_D4x_L2_S0,0,3072,2048,4096,5,20,15,3,8,2,834,32,"[[8, 8], [8, 8]]",60,60,2.7104644775390625,0.17592601974805197,0.9358723958333334,0.23074448108673096,0.916015625,0.23446828871965408,0.910888671875,0.23074448108673096,0.916015625,0.910888671875,0.02498372395833337,0.031467437744140625,2.658583164215088,2.324503868818283,0.2300254851579666,0.08830992132425308,0.4523554742336273,0.2285756766796112,0.5971924066543579,1.8534940481185913,2.668111801147461,14.412744522094727,0.12521159648895264,0.17877605557441711,2.3045894503593445,0.08,,
ok,core_short,hastie_like,fixedK_lattice,core_hastie_like_K16_D4x_L2_S0,0,3072,2048,4096,5,20,15,3,16,2,1538,64,"[[16, 16], [16, 16]]",60,60,2.763139009475708,0.15016132593154907,0.9459635416666666,0.27116602659225464,0.91015625,0.29770518839359283,0.8935546875,0.27116602659225464,0.91015625,0.8935546875,0.05240885416666663,0.04323267936706543,2.7029213905334473,2.2570751905441284,0.21250469982624054,0.07508589327335358,0.39078813791275024,0.1913238912820816,0.6795827001333237,2.0794169306755066,3.2775744199752808,26.577171325683594,0.12962239980697632,0.16712240129709244,2.2562108635902405,0.08,,
ok,core_short,hastie_like,fixedK_lattice,core_hastie_like_K32_D4x_L2_S0,0,3072,2048,4096,5,20,15,3,32,2,2946,128,"[[32, 32], [32, 32]]",48,40,2.3360259532928467,0.14220038056373596,0.9524739583333334,0.3722313940525055,0.8798828125,0.35810455679893494,0.8828125,0.3722313940525055,0.8798828125,0.8828125,0.06966145833333337,0.0616302490234375,2.251210927963257,3.492004320025444,0.17824541963636875,0.05294961482286453,0.3609604239463806,0.12431411072611809,0.6334088519215584,2.1062166690826416,3.9461863040924072,51.98724937438965,0.1271972693502903,0.16106771677732468,3.1481263637542725,0.08,,
ok,core_short,hastie_like,fixedK_lattice,core_hastie_like_K64_D4x_L2_S0,0,3072,2048,4096,5,20,15,3,64,2,5762,256,"[[64, 64], [64, 64]]",45,37,2.4623286724090576,0.10741957028706868,0.9619140625,0.519904375076294,0.8388671875,0.5051174610853195,0.837646484375,0.519904375076294,0.8388671875,0.837646484375,0.124267578125,0.11618828773498535,2.3302972316741943,4.333310455083847,0.15520230121910572,0.03950173407793045,0.3002142608165741,0.09633678942918777,0.7180854976177216,2.3836984634399414,4.598703384399414,100.44078063964844,0.13116862624883652,0.1582845151424408,3.855489820241928,0.08,,
ok,core_short,hastie_like,fixedK_lattice,core_hastie_like_K2_D1x_L4_S0,0,3072,2048,4096,5,5,0,0,2,4,180,16,"[[2, 2], [2, 2], [2, 2], [2, 2]]",60,60,4.235652923583984,0.29491348067919415,0.8717447916666666,0.33026736974716187,0.86669921875,0.3169628232717514,0.874755859375,0.33026736974716187,0.86669921875,0.874755859375,-0.0030110677083333703,0.041873931884765625,4.165635347366333,2.2771443501114845,0.3409596849232912,0.042393967509269714,0.61589115858078,0.17779796570539474,0.7532587051391602,2.278603732585907,1.3503958582878113,4.021115481853485,0.4833008050918579,0.9353515803813934,3.1652796864509583,0.08,,
ok,core_short,hastie_like,fixedK_lattice,core_hastie_like_K4_D1x_L4_S0,0,3072,2048,4096,5,5,0,0,4,4,292,32,"[[4, 4], [4, 4], [4, 4], [4, 4]]",60,59,3.9976742267608643,0.2137062946955363,0.9065755208333334,0.27844756841659546,0.892578125,0.30630384385585785,0.876220703125,0.27844756841659546,0.892578125,0.876220703125,0.03035481770833337,0.04847431182861328,3.9253015518188477,1.7229756563901901,0.24681747518479824,0.08390238881111145,0.57839035987854,0.14580612257122993,0.7888438776135445,2.3634131848812103,1.8103825151920319,6.487146615982056,0.5414388328790665,0.890950545668602,1.793497920036316,0.08,,
ok,core_short,hastie_like,fixedK_lattice,core_hastie_like_K8_D1x_L4_S0,0,3072,2048,4096,5,5,0,0,8,4,516,64,"[[8, 8], [8, 8], [8, 8], [8, 8]]",59,51,3.987755537033081,0.22324583927790323,0.9075520833333334,0.31063932180404663,0.87451171875,0.32188986241817474,0.86865234375,0.31063932180404663,0.87451171875,0.86865234375,0.03889973958333337,0.05139517784118652,3.9115052223205566,2.1168199628591537,0.19697060622274876,0.09046182036399841,0.4581543207168579,0.12004579789936543,0.737466499209404,2.166419744491577,2.500761866569519,12.70085084438324,0.5226562768220901,0.8542643338441849,2.1783134639263153,0.08,,
ok,core_short,hastie_like,fixedK_lattice,core_hastie_like_K16_D1x_L4_S0,0,3072,2048,4096,5,5,0,0,16,4,964,128,"[[16, 16], [16, 16], [16, 16], [16, 16]]",39,31,2.5689265727996826,0.3612550695737203,0.8372395833333334,0.46602290868759155,0.80029296875,0.4784492403268814,0.78076171875,0.46602290868759155,0.80029296875,0.78076171875,0.05647786458333337,0.0755155086517334,2.47212553024292,1.7876601591706276,0.19350327737629414,0.07786969840526581,0.41877391934394836,0.08677794970571995,0.757256381213665,2.354294866323471,3.164762020111084,24.419581413269043,0.5439453348517418,0.8464192897081375,2.0076720118522644,0.08,,
ok,core_short,hastie_like,fixedK_lattice,core_hastie_like_K32_D1x_L4_S0,0,3072,2048,4096,5,5,0,0,32,4,1860,256,"[[32, 32], [32, 32], [32, 32], [32, 32]]",60,59,4.021496772766113,0.3529445429642995,0.8453776041666666,0.45413559675216675,0.80615234375,0.4650670886039734,0.79833984375,0.45413559675216675,0.80615234375,0.79833984375,0.04703776041666663,0.11354255676269531,3.8805813789367676,6.116172671318054,0.1873874617740512,0.04593649134039879,0.36861157417297363,0.08776796609163284,0.5302424705587327,1.9745350182056427,3.8111934065818787,46.07043647766113,0.5365560129284859,0.8362305015325546,5.691152095794678,0.08,,
ok,core_short,hastie_like,fixedK_lattice,core_hastie_like_K64_D1x_L4_S0,0,3072,2048,4096,5,5,0,0,64,4,3652,512,"[[64, 64], [64, 64], [64, 64], [64, 64]]",49,41,3.4033830165863037,0.41412619749705,0.8193359375,0.5141040086746216,0.77392578125,0.5124486237764359,0.764892578125,0.5141040086746216,0.77392578125,0.764892578125,0.054443359375,0.187150239944458,3.1940109729766846,5.35381268709898,0.18331978004425764,0.04165181517601013,0.4082522988319397,0.08731917664408684,0.47494706395082176,1.9379966855049133,4.413704872131348,84.58770561218262,0.6070312708616257,0.7934896051883698,6.391989350318909,0.08,,
ok,core_short,hastie_like,fixedK_lattice,core_hastie_like_K2_D2x_L4_S0,0,3072,2048,4096,5,10,5,1,2,4,310,16,"[[2, 2], [2, 2], [2, 2], [2, 2]]",60,58,3.9731221199035645,0.23664008577664694,0.8968098958333334,0.25885719060897827,0.89501953125,0.2484728842973709,0.886962890625,0.25885719060897827,0.89501953125,0.886962890625,0.00984700520833337,0.038741350173950195,3.906812906265259,3.543984778225422,0.34993373416364193,0.040668338537216187,0.8318570852279663,0.15013021416962147,0.6533559504896402,2.139772355556488,1.1801939457654953,3.4476214945316315,0.2488606907427311,0.48627930879592896,5.029461055994034,0.08,,
ok,core_short,hastie_like,fixedK_lattice,core_hastie_like_K4_D2x_L4_S0,0,3072,2048,4096,5,10,5,1,4,4,502,32,"[[4, 4], [4, 4], [4, 4], [4, 4]]",39,31,2.5603222846984863,0.30743104219436646,0.8727213541666666,0.342094361782074,0.8681640625,0.36273713409900665,0.851318359375,0.342094361782074,0.8681640625,0.851318359375,0.02140299479166663,0.04896092414855957,2.489220142364502,1.489131361246109,0.24088209494948387,0.07988744229078293,0.4995788633823395,0.1272098459303379,0.7093395218253136,2.167543202638626,1.9147992134094238,7.193614721298218,0.23561199381947517,0.4422851800918579,1.5844746083021164,0.08,,
ok,core_short,hastie_like,fixedK_lattice,core_hastie_like_K8_D2x_L4_S0,0,3072,2048,4096,5,10,5,1,8,4,886,64,"[[8, 8], [8, 8], [8, 8], [8, 8]]",60,58,3.9997568130493164,0.22628862162431082,0.9114583333333334,0.3285621404647827,0.88037109375,0.3185112923383713,0.8818359375,0.3285621404647827,0.88037109375,0.8818359375,0.02962239583333337,0.05536675453186035,3.916804552078247,1.884319394826889,0.1975546833127737,0.08139962702989578,0.45252498984336853,0.13346338644623756,0.6976990476250648,2.1494737565517426,2.514699399471283,12.635880470275879,0.2711751386523247,0.43094077706336975,2.011408641934395,0.08,,
ok,core_short,hastie_like,fixedK_lattice,core_hastie_like_K16_D2x_L4_S0,0,3072,2048,4096,5,10,5,1,16,4,1654,128,"[[16, 16], [16, 16], [16, 16], [16, 16]]",54,46,3.6213791370391846,0.3503819704055786,0.8447265625,0.45510923862457275,0.79052734375,0.48106569051742554,0.781005859375,0.45510923862457275,0.79052734375,0.781005859375,0.063720703125,0.07643246650695801,3.522758960723877,1.8992600068449974,0.1916314847767353,0.0739995464682579,0.41808027029037476,0.0893913060426712,0.7210105694830418,2.2772068977355957,3.177567720413208,24.72864007949829,0.2726888209581375,0.41246745735406876,2.0715572386980057,0.08,,
ok,core_short,hastie_like,fixedK_lattice,core_hastie_like_K32_D2x_L4_S0,0,3072,2048,4096,5,10,5,1,32,4,3190,256,"[[32, 32], [32, 32], [32, 32], [32, 32]]",60,59,4.0828118324279785,0.31962624192237854,0.8665364583333334,0.44885119795799255,0.8115234375,0.4604155123233795,0.8046875,0.44885119795799255,0.8115234375,0.8046875,0.06184895833333337,0.11442804336547852,3.9392330646514893,5.889557413756847,0.18437084928154945,0.04512934386730194,0.39546045660972595,0.0904376357793808,0.48549334425479174,1.8680431842803955,3.6063179969787598,39.34573745727539,0.2665039226412773,0.40367840230464935,6.0560242384672165,0.08,,
ok,core_short,hastie_like,fixedK_lattice,core_hastie_like_K64_D2x_L4_S0,0,3072,2048,4096,5,10,5,1,64,4,6262,512,"[[64, 64], [64, 64], [64, 64], [64, 64]]",60,59,4.12459135055542,0.3436808983484904,0.85546875,0.45461946725845337,0.82177734375,0.4801471531391144,0.80322265625,0.45461946725845337,0.82177734375,0.80322265625,0.05224609375,0.18419218063354492,3.9068496227264404,6.763733766973019,0.1810889793559909,0.04281170293688774,0.43752145767211914,0.08959291130304337,0.4548463486135006,1.8822593092918396,4.216802597045898,71.63512420654297,0.29171551018953323,0.41132814809679985,7.228206396102905,0.08,,
ok,core_short,hastie_like,fixedK_lattice,core_hastie_like_K2_D4x_L4_S0,0,3072,2048,4096,5,20,15,3,2,4,570,16,"[[2, 2], [2, 2], [2, 2], [2, 2]]",58,50,3.9863088130950928,0.281684935092926,0.880859375,0.2854433059692383,0.89111328125,0.2919997274875641,0.884765625,0.2854433059692383,0.89111328125,0.884765625,-0.00390625,0.04007577896118164,3.9213271141052246,2.564999558031559,0.3559350688010454,0.04467543959617615,0.8657200932502747,0.13797935098409653,0.6892547458410263,2.2072930335998535,1.3022459149360657,3.811259925365448,0.13795573636889458,0.24095052853226662,3.742174670100212,0.08,,
ok,core_short,hastie_like,fixedK_lattice,core_hastie_like_K4_D4x_L4_S0,0,3072,2048,4096,5,20,15,3,4,4,922,32,"[[4, 4], [4, 4], [4, 4], [4, 4]]",44,36,2.9226653575897217,0.26726648211479187,0.8929036458333334,0.3182834982872009,0.87939453125,0.3171750605106354,0.870849609375,0.3182834982872009,0.87939453125,0.870849609375,0.02205403645833337,0.045279502868652344,2.8555350303649902,1.58463903516531,0.2454412318766117,0.08261209726333618,0.6065163612365723,0.11554582789540291,0.7705618254840374,2.3107971847057343,1.8274138271808624,6.63091766834259,0.12148438207805157,0.2120768316090107,1.7563360631465912,0.08,,
ok,core_short,hastie_like,fixedK_lattice,core_hastie_like_K8_D4x_L4_S0,0,3072,2048,4096,5,20,15,3,8,4,1626,64,"[[8, 8], [8, 8], [8, 8], [8, 8]]",40,32,2.8211417198181152,0.29060747226079303,0.8795572916666666,0.3466242253780365,0.86376953125,0.35149022936820984,0.853759765625,0.3466242253780365,0.86376953125,0.853759765625,0.02579752604166663,0.058380842208862305,2.734527111053467,1.9525689631700516,0.20170331373810768,0.1002337783575058,0.46906647086143494,0.09564940445125103,0.716762974858284,2.174763798713684,2.555751860141754,13.147397994995117,0.12244466878473759,0.2134602926671505,1.9523202329874039,0.08,,
ok,core_short,hastie_like,fixedK_lattice,core_hastie_like_K16_D4x_L4_S0,0,3072,2048,4096,5,20,15,3,16,4,3034,128,"[[16, 16], [16, 16], [16, 16], [16, 16]]",51,43,3.469870090484619,0.3782111008961995,0.8349609375,0.4844575524330139,0.78955078125,0.5118792355060577,0.767578125,0.4844575524330139,0.78955078125,0.767578125,0.0673828125,0.08198261260986328,3.361985445022583,2.150875747203827,0.19052670150995255,0.07285310328006744,0.4262453317642212,0.09638312458992004,0.6994658596813679,2.2181902825832367,3.125864088535309,23.71940779685974,0.1445312574505806,0.2081298865377903,2.3857369273900986,0.08,,
ok,core_short,hastie_like,fixedK_lattice,core_hastie_like_K32_D4x_L4_S0,0,3072,2048,4096,5,20,15,3,32,4,5850,256,"[[32, 32], [32, 32], [32, 32], [32, 32]]",60,52,4.158783435821533,0.35589226086934406,0.8414713541666666,0.46076250076293945,0.81005859375,0.45947566628456116,0.796142578125,0.46076250076293945,0.81005859375,0.796142578125,0.04532877604166663,0.1172642707824707,4.016744375228882,4.937988020479679,0.18662905134260654,0.049371056258678436,0.37732309103012085,0.08657330088317394,0.5603353544138372,2.0178943872451782,3.6141454577445984,40.260948181152344,0.1296386793255806,0.20356446504592896,5.104920893907547,0.08,,
ok,core_short,hastie_like,fixedK_lattice,core_hastie_like_K64_D4x_L4_S0,0,3072,2048,4096,5,20,15,3,64,4,11482,512,"[[64, 64], [64, 64], [64, 64], [64, 64]]",30,22,2.135082483291626,0.47430161635080975,0.7991536458333334,0.5214011669158936,0.759765625,0.5454982817173004,0.74609375,0.5214011669158936,0.759765625,0.74609375,0.05305989583333337,0.18458199501037598,1.9281234741210938,3.99474985152483,0.18478809669613838,0.04376344010233879,0.3568103313446045,0.08305611088871956,0.5506760701537132,2.050932466983795,4.385536432266235,82.87602138519287,0.1337565165013075,0.19989421591162682,4.86117422580719,0.08,,
ok,core_short,hastie_like,fixedK_lattice,core_hastie_like_K2_D1x_L8_S0,0,3072,2048,4096,5,5,0,0,2,8,348,32,"[[2, 2], [2, 2], [2, 2], [2, 2], [2, 2], [2, 2], [2, 2], [2, 2]]",34,26,3.860086679458618,0.5969750682512919,0.7607421875,0.5822482109069824,0.7763671875,0.5827596187591553,0.77099609375,0.5822482109069824,0.7763671875,0.77099609375,-0.01025390625,0.07274341583251953,3.748664379119873,2.617552176117897,0.3144073560833931,0.048008792102336884,0.6603939533233643,0.08389286231249571,0.5966957435011864,2.064411476254463,1.1535168290138245,3.3771640062332153,0.5346028991043568,0.9559244811534882,3.5882051214575768,0.08,,
ok,core_short,hastie_like,fixedK_lattice,core_hastie_like_K4_D1x_L8_S0,0,3072,2048,4096,5,5,0,0,4,8,572,64,"[[4, 4], [4, 4], [4, 4], [4, 4], [4, 4], [4, 4], [4, 4], [4, 4]]",53,45,5.887732267379761,0.5069202482700348,0.7942708333333334,0.4814824163913727,0.8115234375,0.49331921339035034,0.802490234375,0.4814824163913727,0.8115234375,0.802490234375,-0.00821940104166663,0.08412718772888184,5.7649054527282715,3.6398198194801807,0.24663375737145543,0.055960413068532944,0.5276873707771301,0.09148582071065903,0.3888327907479834,1.658335119485855,1.1096283921506256,4.070457369089127,0.5343750193715096,0.9270996302366257,4.6454639583826065,0.08,,
ok,core_short,hastie_like,fixedK_lattice,core_hastie_like_K8_D1x_L8_S0,0,3072,2048,4096,5,5,0,0,8,8,1020,128,"[[8, 8], [8, 8], [8, 8], [8, 8], [8, 8], [8, 8], [8, 8], [8, 8]]",60,55,6.566776275634766,0.5020891030629476,0.7643229166666666,0.5118451118469238,0.76416015625,0.5343450009822845,0.7431640625,0.5118451118469238,0.76416015625,0.7431640625,0.02115885416666663,0.10700011253356934,6.417180299758911,1.3816915526986122,0.17678503785282373,0.11174535006284714,0.468965083360672,0.08455603756010532,0.9733253195881844,2.7394330352544785,2.3699648529291153,11.07750928401947,0.5032552294433117,0.9192708507180214,2.002849690616131,0.08,,
ok,core_short,hastie_like,fixedK_lattice,core_hastie_like_K16_D1x_L8_S0,0,3072,2048,4096,5,5,0,0,16,8,1916,256,"[[16, 16], [16, 16], [16, 16], [16, 16], [16, 16], [16, 16], [16, 16], [16, 16]]",18,10,2.1463675498962402,0.701273242632548,0.5485026041666666,0.701920211315155,0.5537109375,0.7036770582199097,0.544677734375,0.701920211315155,0.5537109375,0.544677734375,0.0038248697916666297,0.1424863338470459,1.9661436080932617,1.688091479241848,0.2326201768592,0.05936192721128464,0.5156608819961548,0.07951303198933601,0.773154690861702,2.313372939825058,2.8648745119571686,18.82519257068634,0.5009440444409847,0.9334961026906967,2.649849012494087,0.08,,
ok,core_short,hastie_like,fixedK_lattice,core_hastie_like_K32_D1x_L8_S0,0,3072,2048,4096,5,5,0,0,32,8,3708,512,"[[32, 32], [32, 32], [32, 32], [32, 32], [32, 32], [32, 32], [32, 32], [32, 32]]",14,6,1.7190923690795898,0.7093836863835653,0.5221354166666666,0.7095164060592651,0.53662109375,0.7152408063411713,0.53564453125,0.7095164060592651,0.53662109375,0.53564453125,-0.01350911458333337,0.2100839614868164,1.4717087745666504,1.9772293493151665,0.2385437274351716,0.05714809149503708,0.6113409399986267,0.08028409816324711,0.5447974717244506,1.9338884949684143,3.117703765630722,27.729430079460144,0.5128418132662773,0.9289876520633698,4.207231633365154,0.08,,
ok,core_short,hastie_like,fixedK_lattice,core_hastie_like_K64_D1x_L8_S0,0,3072,2048,4096,5,5,0,0,64,8,7292,1024,"[[64, 64], [64, 64], [64, 64], [64, 64], [64, 64], [64, 64], [64, 64], [64, 64]]",28,20,3.3150906562805176,0.676275372505188,0.6145833333333334,0.676862359046936,0.61865234375,0.686799556016922,0.61572265625,0.676862359046936,0.61865234375,0.61572265625,-0.0011393229166666297,0.345874547958374,2.9314627647399902,2.9882364496588707,0.19472137605771422,0.04293826222419739,0.40987110137939453,0.08025258779525757,0.41967159789055586,1.7115597128868103,4.046194076538086,61.09199619293213,0.4870442934334278,0.9111165888607502,4.990499764680862,0.08,,
ok,core_short,hastie_like,fixedK_lattice,core_hastie_like_K2_D2x_L8_S0,0,3072,2048,4096,5,10,5,1,2,8,598,32,"[[2, 2], [2, 2], [2, 2], [2, 2], [2, 2], [2, 2], [2, 2], [2, 2]]",28,20,3.174119472503662,0.4218875567118327,0.8317057291666666,0.3910881280899048,0.85205078125,0.420744389295578,0.828857421875,0.3910881280899048,0.85205078125,0.828857421875,0.0028483072916666297,0.07965612411499023,3.0565755367279053,2.596606194972992,0.32174989208579063,0.04898522421717644,0.7077537775039673,0.08246375527232885,0.7336466661654413,2.329048901796341,1.3664053231477737,4.0254791378974915,0.25118002481758595,0.4785725958645344,3.299613133072853,0.08,,
ok,core_short,hastie_like,fixedK_lattice,core_hastie_like_K4_D2x_L8_S0,0,3072,2048,4096,5,10,5,1,4,8,982,64,"[[4, 4], [4, 4], [4, 4], [4, 4], [4, 4], [4, 4], [4, 4], [4, 4]]",9,1,1.0943777561187744,0.7188134988149008,0.5146484375,0.7253646850585938,0.501953125,0.7273238003253937,0.49951171875,0.7253646850585938,0.501953125,0.49951171875,0.01513671875,0.08098530769348145,0.9754154682159424,1.0671627297997475,0.2534037516452372,0.06141377240419388,0.5266380906105042,0.08007630240172148,0.9231390282511711,2.6741880923509598,1.9332551509141922,7.149429678916931,0.2777181137353182,0.4712890647351742,2.2607307583093643,0.08,,
ok,core_short,hastie_like,fixedK_lattice,core_hastie_like_K8_D2x_L8_S0,0,3072,2048,4096,5,10,5,1,8,8,1750,128,"[[8, 8], [8, 8], [8, 8], [8, 8], [8, 8], [8, 8], [8, 8], [8, 8]]",33,25,3.6350643634796143,0.5752621491750082,0.7119140625,0.5914003849029541,0.69677734375,0.5780827403068542,0.715087890625,0.5914003849029541,0.69677734375,0.715087890625,-0.003173828125,0.1021115779876709,3.4950318336486816,1.4473996609449387,0.17617556732147932,0.10951447486877441,0.4672534465789795,0.07945182826370001,0.9165580794215202,2.639227122068405,2.4745004177093506,12.182251989841461,0.2638509199023247,0.46764323487877846,2.0638588443398476,0.08,,
ok,core_short,hastie_like,fixedK_lattice,core_hastie_like_K16_D2x_L8_S0,0,3072,2048,4096,5,10,5,1,16,8,3286,256,"[[16, 16], [16, 16], [16, 16], [16, 16], [16, 16], [16, 16], [16, 16], [16, 16]]",20,12,2.4200267791748047,0.6839824120203654,0.5696614583333334,0.6826717257499695,0.57666015625,0.6840600371360779,0.567626953125,0.6826717257499695,0.57666015625,0.567626953125,0.0020345052083333703,0.1406261920928955,2.2408883571624756,1.7170014269649982,0.23262144066393375,0.05886794254183769,0.5224100351333618,0.0800079507753253,0.7210986465215683,2.2161627262830734,2.9625531435012817,20.239815711975098,0.27259929664433,0.46263835206627846,3.235003598034382,0.08,,
ok,core_short,hastie_like,fixedK_lattice,core_hastie_like_K32_D2x_L8_S0,0,3072,2048,4096,5,10,5,1,32,8,6358,512,"[[32, 32], [32, 32], [32, 32], [32, 32], [32, 32], [32, 32], [32, 32], [32, 32]]",21,13,2.462087869644165,0.6840124527613322,0.5914713541666666,0.6822183728218079,0.59375,0.6841978430747986,0.582275390625,0.6822183728218079,0.59375,0.582275390625,0.00919596354166663,0.21000099182128906,2.213592767715454,2.2803204394876957,0.23879525065422058,0.056790731847286224,0.6226273775100708,0.08007695619016886,0.5403149463236332,1.8976808041334152,3.0951243340969086,28.15516471862793,0.24719239166006446,0.46312663704156876,4.290648952126503,0.08,,
ok,core_short,hastie_like,fixedK_lattice,core_hastie_like_K64_D2x_L8_S0,0,3072,2048,4096,5,10,5,1,64,8,12502,1024,"[[64, 64], [64, 64], [64, 64], [64, 64], [64, 64], [64, 64], [64, 64], [64, 64]]",40,32,4.705585479736328,0.6595691839853922,0.6139322916666666,0.6667383909225464,0.6142578125,0.6876557469367981,0.580322265625,0.6667383909225464,0.6142578125,0.580322265625,0.03361002604166663,0.3597900867462158,4.300580024719238,3.347253032028675,0.19439825369045138,0.04105241224169731,0.4086221158504486,0.080868368037045,0.39436472905799747,1.6768220663070679,4.174349993467331,67.82395553588867,0.2440918069332838,0.45511884428560734,5.517090886831284,0.08,,
ok,core_short,hastie_like,fixedK_lattice,core_hastie_like_K2_D4x_L8_S0,0,3072,2048,4096,5,20,15,3,2,8,1098,32,"[[2, 2], [2, 2], [2, 2], [2, 2], [2, 2], [2, 2], [2, 2], [2, 2]]",33,25,3.615886688232422,0.5195734103520712,0.7770182291666666,0.4947893023490906,0.7998046875,0.5111768394708633,0.788330078125,0.4947893023490906,0.7998046875,0.788330078125,-0.01131184895833337,0.07487702369689941,3.502612590789795,3.218392737209797,0.3248861478641629,0.04968680068850517,0.7591898441314697,0.08223539683967829,0.6425437398720533,2.1327392756938934,1.1734824776649475,3.501469075679779,0.11372884642332792,0.24190266989171505,3.8338017016649246,0.08,,
ok,core_short,hastie_like,fixedK_lattice,core_hastie_like_K4_D4x_L8_S0,0,3072,2048,4096,5,20,15,3,4,8,1802,64,"[[4, 4], [4, 4], [4, 4], [4, 4], [4, 4], [4, 4], [4, 4], [4, 4]]",29,21,3.1923749446868896,0.5579794446627299,0.7620442708333334,0.5334385633468628,0.79052734375,0.5449697375297546,0.776611328125,0.5334385633468628,0.79052734375,0.776611328125,-0.01456705729166663,0.07796907424926758,3.0767667293548584,2.1839906573295593,0.2515453966334462,0.054039161652326584,0.5399256348609924,0.09216226357966661,0.5844390783458948,2.0014785081148148,1.4740899801254272,5.08750781416893,0.13154704589396715,0.23482666537165642,2.9016890674829483,0.08,,
ok,core_short,hastie_like,fixedK_lattice,core_hastie_like_K8_D4x_L8_S0,0,3072,2048,4096,5,20,15,3,8,8,3210,128,"[[8, 8], [8, 8], [8, 8], [8, 8], [8, 8], [8, 8], [8, 8], [8, 8]]",55,47,5.992527484893799,0.4675075312455495,0.7903645833333334,0.4758185148239136,0.78369140625,0.5077273845672607,0.752685546875,0.4758185148239136,0.78369140625,0.752685546875,0.03767903645833337,0.10315537452697754,5.850901126861572,1.592452734708786,0.1767503684386611,0.10794593393802643,0.48284512758255005,0.08319101016968489,0.881204642355442,2.532350167632103,2.3799801021814346,11.369243144989014,0.12134196609258652,0.2309855166822672,2.142356790602207,0.08,,
ok,core_short,hastie_like,fixedK_lattice,core_hastie_like_K16_D4x_L8_S0,0,3072,2048,4096,5,20,15,3,16,8,6026,256,"[[16, 16], [16, 16], [16, 16], [16, 16], [16, 16], [16, 16], [16, 16], [16, 16]]",17,9,2.050548791885376,0.6930863658587137,0.5400390625,0.694841206073761,0.5458984375,0.6911940574645996,0.5732421875,0.694841206073761,0.5458984375,0.5732421875,-0.033203125,0.13962912559509277,1.8726961612701416,1.3767598830163479,0.23247860185801983,0.05939572677016258,0.5217989683151245,0.0797309847548604,0.7804805673658848,2.3097493797540665,2.901018053293228,19.76137673854828,0.13040365185588598,0.23222249746322632,2.4717327132821083,0.08,,
ok,core_short,hastie_like,fixedK_lattice,core_hastie_like_K32_D4x_L8_S0,0,3072,2048,4096,5,20,15,3,32,8,11658,512,"[[32, 32], [32, 32], [32, 32], [32, 32], [32, 32], [32, 32], [32, 32], [32, 32]]",18,10,2.1393091678619385,0.7262869477272034,0.5537109375,0.7435814738273621,0.54150390625,0.7335503995418549,0.5478515625,0.7435814738273621,0.54150390625,0.5478515625,0.005859375,0.21091961860656738,1.8909404277801514,2.1220383048057556,0.2382383099757135,0.05732037499547005,0.6114785671234131,0.07972833327949047,0.5456496272236109,1.9261856526136398,3.299943268299103,31.066818594932556,0.13435059133917093,0.2315795924514532,4.55587100982666,0.08,,
ok,core_short,hastie_like,fixedK_lattice,core_hastie_like_K64_D4x_L8_S0,0,3072,2048,4096,5,20,15,3,64,8,22922,1024,"[[64, 64], [64, 64], [64, 64], [64, 64], [64, 64], [64, 64], [64, 64], [64, 64]]",23,15,2.807246685028076,0.6580996513366699,0.6207682291666666,0.6592217087745667,0.61083984375,0.661931037902832,0.609375,0.6592217087745667,0.61083984375,0.609375,0.01139322916666663,0.33991527557373047,2.428823947906494,3.016089890152216,0.1945319757796824,0.044910676777362823,0.38519033789634705,0.08008264563977718,0.4296660232357681,1.7269898355007172,4.0643739104270935,61.90931701660156,0.12784017622470856,0.22770183254033327,5.1134960278868675,0.08,,
ok,random_memorization,random_labels,fixedK_train_size_strip,memorize_random_N512_K2_D2x_L4,7942,512,512,1024,5,10,5,1,2,4,310,16,"[[2, 2], [2, 2], [2, 2], [2, 2]]",23,5,0.47896575927734375,0.7012461423873901,0.474609375,0.6953139305114746,0.525390625,0.6924555897712708,0.5263671875,0.6953139305114746,0.525390625,0.5263671875,-0.0517578125,0.05750322341918945,0.4028153419494629,1.2806283310055733,0.3542576162144542,0.05024796351790428,0.6213626861572266,0.07899169065058231,1.3742978870868683,4.040853261947632,1.517216056585312,4.7598084807395935,0.23066406697034836,0.45014648884534836,1.590538203716278,0.08,,
ok,random_memorization,random_labels,fixedK_train_size_strip,memorize_random_N512_K4_D2x_L4,7968,512,512,1024,5,10,5,1,4,4,502,32,"[[4, 4], [4, 4], [4, 4], [4, 4]]",24,6,0.42477941513061523,0.6887809038162231,0.541015625,0.689192533493042,0.5390625,0.6978263258934021,0.4912109375,0.689192533493042,0.5390625,0.4912109375,0.0498046875,0.0440974235534668,0.3573746681213379,0.841454766690731,0.25846374966204166,0.10301430523395538,0.5457668304443359,0.08131404593586922,1.3904207646846771,4.181930780410767,2.1119917035102844,8.29422640800476,0.283105481415987,0.44731445610523224,1.0645847469568253,0.08,,
ok,random_memorization,random_labels,fixedK_train_size_strip,memorize_random_N512_K8_D2x_L4,8020,512,512,1024,5,10,5,1,8,4,886,64,"[[8, 8], [8, 8], [8, 8], [8, 8]]",24,6,0.5429399013519287,0.6784629821777344,0.578125,0.6932105422019958,0.513671875,0.6967829465866089,0.498046875,0.6932105422019958,0.513671875,0.498046875,0.080078125,0.05460309982299805,0.4661366939544678,0.9178438633680344,0.23111396096646786,0.10437768697738647,0.4834083616733551,0.07953905686736107,1.1175011098384857,3.306563913822174,2.7269604206085205,15.30910849571228,0.280029296875,0.4415039122104645,1.166690468788147,0.08,,
ok,random_memorization,random_labels,fixedK_train_size_strip,memorize_random_N512_K16_D2x_L4,8124,512,512,1024,5,10,5,1,16,4,1654,128,"[[16, 16], [16, 16], [16, 16], [16, 16]]",47,29,0.7116093635559082,0.6159109473228455,0.642578125,0.733285665512085,0.55078125,0.777248740196228,0.4853515625,0.733285665512085,0.55078125,0.4853515625,0.1572265625,0.06954765319824219,0.6255733966827393,2.4735746532678604,0.19786192663013935,0.04906731843948364,0.3979743421077728,0.07891548052430153,0.798826314508915,2.5120239853858948,3.1557071805000305,24.361875772476196,0.2705078162252903,0.43183594197034836,2.2599569857120514,0.08,,
ok,random_memorization,random_labels,fixedK_train_size_strip,memorize_random_N512_K32_D2x_L4,8332,512,512,1024,5,10,5,1,32,4,3190,256,"[[32, 32], [32, 32], [32, 32], [32, 32]]",44,26,0.9196891784667969,0.6981884837150574,0.544921875,0.7335929274559021,0.513671875,0.730738639831543,0.4990234375,0.7335929274559021,0.513671875,0.4990234375,0.0458984375,0.10439085960388184,0.7930459976196289,2.090237647294998,0.23597189970314503,0.047514643520116806,0.45476034283638,0.07988704927265644,0.6682054921984673,2.1504651606082916,3.7251076102256775,43.39176845550537,0.26997070387005806,0.4141601622104645,3.0355803072452545,0.08,,
ok,random_memorization,random_labels,fixedK_train_size_strip,memorize_random_N512_K64_D2x_L4,8748,512,512,1024,5,10,5,1,64,4,6262,512,"[[64, 64], [64, 64], [64, 64], [64, 64]]",40,22,1.0340588092803955,0.7420964241027832,0.583984375,0.7639099359512329,0.580078125,0.8595887422561646,0.4775390625,0.7639099359512329,0.580078125,0.4775390625,0.1064453125,0.22725772857666016,0.7829482555389404,2.6985080242156982,0.14056664519011974,0.04876153916120529,0.23046714067459106,0.0799606405198574,0.4262901544570923,1.5889019668102264,4.43558132648468,85.5455207824707,0.2458496168255806,0.4068359434604645,2.7935725152492523,0.08,,
ok,random_memorization,random_labels,fixedK_train_size_strip,memorize_random_N512_K2_D2x_L8,8346,512,512,1024,5,10,5,1,2,8,598,32,"[[2, 2], [2, 2], [2, 2], [2, 2], [2, 2], [2, 2], [2, 2], [2, 2]]",19,1,0.5148766040802002,0.6949332356452942,0.513671875,0.6841140985488892,0.548828125,0.6925066709518433,0.4970703125,0.6841140985488892,0.548828125,0.4970703125,0.0166015625,0.05877065658569336,0.42606306076049805,1.2395486496388912,0.27280070586130023,0.049953900277614594,0.6190680861473083,0.0796250170096755,1.2606089413166046,3.6269691586494446,1.4413759112358093,4.335110783576965,0.2741699293255806,0.47333984449505806,2.1927178502082825,0.08,,
ok,random_memorization,random_labels,fixedK_train_size_strip,memorize_random_N512_K4_D2x_L8,8372,512,512,1024,5,10,5,1,4,8,982,64,"[[4, 4], [4, 4], [4, 4], [4, 4], [4, 4], [4, 4], [4, 4], [4, 4]]",37,19,0.9125666618347168,0.6984788179397583,0.513671875,0.6957038640975952,0.53125,0.706778883934021,0.501953125,0.6957038640975952,0.53125,0.501953125,0.01171875,0.07797718048095703,0.8063020706176758,1.6718863546848297,0.23501107655465603,0.07200155407190323,0.529708981513977,0.08088211715221405,0.9407810345292091,2.845857247710228,1.9197026491165161,6.924898743629456,0.29062500409781933,0.47412109375,2.3959020227193832,0.08,,
ok,random_memorization,random_labels,fixedK_train_size_strip,memorize_random_N512_K8_D2x_L8,8424,512,512,1024,5,10,5,1,8,8,1750,128,"[[8, 8], [8, 8], [8, 8], [8, 8], [8, 8], [8, 8], [8, 8], [8, 8]]",52,34,1.2685203552246094,0.6203112602233887,0.701171875,0.6973446607589722,0.5546875,0.7127634286880493,0.5,0.6973446607589722,0.5546875,0.5,0.201171875,0.08829426765441895,1.1472783088684082,1.0816193036735058,0.18050272017717361,0.10937055945396423,0.465427964925766,0.08124898560345173,1.1740041971206665,3.3304649591445923,2.605296015739441,13.640697956085205,0.2635253928601742,0.4709228537976742,1.8270678520202637,0.08,,
ok,random_memorization,random_labels,fixedK_train_size_strip,memorize_random_N512_K16_D2x_L8,8528,512,512,1024,5,10,5,1,16,8,3286,256,"[[16, 16], [16, 16], [16, 16], [16, 16], [16, 16], [16, 16], [16, 16], [16, 16]]",19,1,0.5760254859924316,1.3024225234985352,0.486328125,1.3125394582748413,0.47265625,1.330386996269226,0.484375,1.3125394582748413,0.47265625,0.484375,0.001953125,0.12775301933288574,0.41857266426086426,1.8272303082048893,0.26131257275119424,0.057197004556655884,0.5446560382843018,0.07999999076128006,0.73919946141541,2.2612003535032272,2.9093465209007263,19.424462914466858,0.27316894941031933,0.4710449241101742,3.911446250975132,0.08,,
ok,random_memorization,random_labels,fixedK_train_size_strip,memorize_random_N512_K32_D2x_L8,8736,512,512,1024,5,10,5,1,32,8,6358,512,"[[32, 32], [32, 32], [32, 32], [32, 32], [32, 32], [32, 32], [32, 32], [32, 32]]",29,11,0.8452274799346924,0.7275606393814087,0.46875,0.7463605999946594,0.50390625,0.7410675287246704,0.501953125,0.7463605999946594,0.50390625,0.501953125,-0.033203125,0.1809539794921875,0.6348237991333008,1.5791342593729496,0.1955758105032146,0.051461756229400635,0.42846113443374634,0.0799976009875536,0.5799969807267189,1.8964493870735168,3.565189152956009,36.72769093513489,0.2757080104202032,0.4649658240377903,3.607706755399704,0.08,,
ok,random_memorization,random_labels,fixedK_train_size_strip,memorize_random_N512_K64_D2x_L8,9152,512,512,1024,5,10,5,1,64,8,12502,1024,"[[64, 64], [64, 64], [64, 64], [64, 64], [64, 64], [64, 64], [64, 64], [64, 64]]",46,28,1.357759714126587,0.7963660955429077,0.4921875,0.7934895157814026,0.55078125,0.8313441872596741,0.484375,0.7934895157814026,0.55078125,0.484375,0.0078125,0.316164493560791,1.0129680633544922,1.9399953037500381,0.14920110069215298,0.048899952322244644,0.2273305058479309,0.07996515184640884,0.3576061427593231,1.472734048962593,4.406324684619904,82.8026762008667,0.24091797322034836,0.43791504204273224,3.215474434196949,0.08,,
ok,random_memorization,random_labels,fixedK_train_size_strip,memorize_random_N1024_K2_D2x_L4,8454,1024,1024,1024,5,10,5,1,2,4,310,16,"[[2, 2], [2, 2], [2, 2], [2, 2]]",19,1,0.49481916427612305,0.6948643922805786,0.5009765625,0.692764401435852,0.51953125,0.6936098337173462,0.5068359375,0.692764401435852,0.51953125,0.5068359375,-0.005859375,0.03429579734802246,0.44454526901245117,0.6915892921388149,0.31500452756881714,0.05000889301300049,0.6440955400466919,0.08023763634264469,1.3871120512485504,4.113895893096924,1.5996781587600708,4.993271172046661,0.24714355543255806,0.4506591781973839,0.8859218060970306,0.08,,
ok,random_memorization,random_labels,fixedK_train_size_strip,memorize_random_N1024_K4_D2x_L4,8480,1024,1024,1024,5,10,5,1,4,4,502,32,"[[4, 4], [4, 4], [4, 4], [4, 4]]",40,22,1.104661464691162,0.68409264087677,0.580078125,0.6892880797386169,0.552734375,0.6907929182052612,0.5224609375,0.6892880797386169,0.552734375,0.5224609375,0.0576171875,0.039693593978881836,1.0438616275787354,1.09419284760952,0.27008127234876156,0.08530452847480774,0.5575671195983887,0.08339230902493,1.198529303073883,3.5979182720184326,1.7497476637363434,6.248688459396362,0.2701416052877903,0.44401855766773224,1.171318233013153,0.08,,
ok,random_memorization,random_labels,fixedK_train_size_strip,memorize_random_N1024_K8_D2x_L4,8532,1024,1024,1024,5,10,5,1,8,4,886,64,"[[8, 8], [8, 8], [8, 8], [8, 8]]",19,1,0.5265681743621826,0.6886581182479858,0.529296875,0.688046395778656,0.5615234375,0.6976274251937866,0.5107421875,0.688046395778656,0.5615234375,0.5107421875,0.0185546875,0.05189013481140137,0.45530104637145996,0.8602724224328995,0.21607089787721634,0.13213399052619934,0.4480034112930298,0.08058367855846882,1.2092433720827103,3.486219823360443,2.7392431497573853,15.549249649047852,0.2734130881726742,0.4414306655526161,1.122911661863327,0.08,,
ok,random_memorization,random_labels,fixedK_train_size_strip,memorize_random_N1024_K16_D2x_L4,8636,1024,1024,1024,5,10,5,1,16,4,1654,128,"[[16, 16], [16, 16], [16, 16], [16, 16]]",20,2,0.5660367012023926,0.7352287769317627,0.4990234375,0.7229408025741577,0.5224609375,0.723265528678894,0.537109375,0.7229408025741577,0.5224609375,0.537109375,-0.0380859375,0.06790709495544434,0.48160409927368164,1.0884492844343185,0.20010856725275517,0.09059878438711166,0.3935431241989136,0.08027014322578907,1.0335339903831482,3.006452798843384,3.2339444756507874,25.863375186920166,0.2801513709127903,0.43693847954273224,1.3743179142475128,0.08,,
ok,random_memorization,random_labels,fixedK_train_size_strip,memorize_random_N1024_K32_D2x_L4,8844,1024,1024,1024,5,10,5,1,32,4,3190,256,"[[32, 32], [32, 32], [32, 32], [32, 32]]",31,13,0.9609014987945557,0.6978438496589661,0.498046875,0.6960392594337463,0.5224609375,0.6973426342010498,0.5166015625,0.6960392594337463,0.5224609375,0.5166015625,-0.0185546875,0.10019779205322266,0.8387033939361572,1.706053763628006,0.22495965473353863,0.05136031284928322,0.4027024209499359,0.07984866574406624,0.7240839451551437,2.299529790878296,3.56713730096817,40.27597522735596,0.2614746168255806,0.4145263731479645,2.530593067407608,0.08,,
ok,random_memorization,random_labels,fixedK_train_size_strip,memorize_random_N1024_K64_D2x_L4,9260,1024,1024,1024,5,10,5,1,64,4,6262,512,"[[64, 64], [64, 64], [64, 64], [64, 64]]",40,22,1.4892830848693848,0.7175975441932678,0.447265625,0.7078464031219482,0.5263671875,0.7141735553741455,0.482421875,0.7078464031219482,0.5263671875,0.482421875,-0.03515625,0.2209925651550293,1.2443969249725342,3.2995061352849007,0.1714302897453308,0.04746522381901741,0.3155305087566376,0.08045845292508602,0.5552046950906515,1.9862212240695953,4.4311323165893555,85.78990745544434,0.2422607447952032,0.4187011793255806,3.548665389418602,0.08,,
ok,random_memorization,random_labels,fixedK_train_size_strip,memorize_random_N1024_K2_D2x_L8,8858,1024,1024,1024,5,10,5,1,2,8,598,32,"[[2, 2], [2, 2], [2, 2], [2, 2], [2, 2], [2, 2], [2, 2], [2, 2]]",36,18,1.5126662254333496,0.690477728843689,0.541015625,0.6922721862792969,0.53125,0.6944985389709473,0.513671875,0.6922721862792969,0.53125,0.513671875,0.02734375,0.0695195198059082,1.4123485088348389,2.2291498351842165,0.2865078803151846,0.04834510013461113,0.6364893913269043,0.08023110218346119,1.0783941522240639,3.245272159576416,1.267094448208809,3.6763332188129425,0.23560791462659836,0.47913818433880806,2.5313366279006004,0.08,,
ok,random_memorization,random_labels,fixedK_train_size_strip,memorize_random_N1024_K4_D2x_L8,8884,1024,1024,1024,5,10,5,1,4,8,982,64,"[[4, 4], [4, 4], [4, 4], [4, 4], [4, 4], [4, 4], [4, 4], [4, 4]]",21,3,0.9083530902862549,0.6970771551132202,0.50390625,0.6929308772087097,0.513671875,0.7003151178359985,0.4873046875,0.6929308772087097,0.513671875,0.4873046875,0.0166015625,0.06958937644958496,0.8099086284637451,1.7924310900270939,0.22183711361140013,0.04958270117640495,0.5408424139022827,0.08102184627205133,1.0488191843032837,3.0536195635795593,1.8969781398773193,6.8708078265190125,0.25183106027543545,0.4734741225838661,2.637318432331085,0.08,,
ok,random_memorization,random_labels,fixedK_train_size_strip,memorize_random_N1024_K8_D2x_L8,8936,1024,1024,1024,5,10,5,1,8,8,1750,128,"[[8, 8], [8, 8], [8, 8], [8, 8], [8, 8], [8, 8], [8, 8], [8, 8]]",57,39,2.43160080909729,0.6481084823608398,0.623046875,0.7173998355865479,0.5283203125,0.7438264489173889,0.4833984375,0.7173998355865479,0.5283203125,0.4833984375,0.1396484375,0.09127473831176758,2.3101329803466797,1.1964932978153229,0.17865440528839827,0.1055508479475975,0.45107749104499817,0.07989278249442577,1.2200004160404205,3.4276868402957916,2.5679741203784943,13.29917287826538,0.26307373121380806,0.4704833999276161,1.9482986479997635,0.08,,
ok,random_memorization,random_labels,fixedK_train_size_strip,memorize_random_N1024_K16_D2x_L8,9040,1024,1024,1024,5,10,5,1,16,8,3286,256,"[[16, 16], [16, 16], [16, 16], [16, 16], [16, 16], [16, 16], [16, 16], [16, 16]]",83,65,3.3547375202178955,0.6947205066680908,0.5205078125,0.6898959875106812,0.5439453125,0.6988314390182495,0.5009765625,0.6898959875106812,0.5439453125,0.5009765625,0.01953125,0.12235665321350098,3.2031619548797607,1.9462688900530338,0.1891253967769444,0.05342775955796242,0.4116307497024536,0.07928686589002609,0.6269291202770546,2.095868542790413,2.6586292684078217,16.04092276096344,0.23565674293786287,0.45997314527630806,2.629974275827408,0.08,,
ok,random_memorization,random_labels,fixedK_train_size_strip,memorize_random_N1024_K32_D2x_L8,9248,1024,1024,1024,5,10,5,1,32,8,6358,512,"[[32, 32], [32, 32], [32, 32], [32, 32], [32, 32], [32, 32], [32, 32], [32, 32]]",29,11,1.3364906311035156,0.887983500957489,0.513671875,0.9768049120903015,0.5078125,0.9126901626586914,0.5234375,0.9768049120903015,0.5078125,0.5234375,-0.009765625,0.18676424026489258,1.1198179721832275,2.46843608468771,0.2649292340502143,0.04966377466917038,0.7284897565841675,0.07950974255800247,0.5992127805948257,2.0182633846998215,3.5067963898181915,35.41342091560364,0.25740967132151127,0.4665771536529064,5.796123407781124,0.08,,
ok,random_memorization,random_labels,fixedK_train_size_strip,memorize_random_N1024_K64_D2x_L8,9664,1024,1024,1024,5,10,5,1,64,8,12502,1024,"[[64, 64], [64, 64], [64, 64], [64, 64], [64, 64], [64, 64], [64, 64], [64, 64]]",37,19,1.7948901653289795,0.8915483951568604,0.478515625,0.8677142858505249,0.5302734375,0.8556860685348511,0.517578125,0.8677142858505249,0.5302734375,0.517578125,-0.0390625,0.31588172912597656,1.4502251148223877,2.730837717652321,0.19810088770464063,0.04786069318652153,0.3989974856376648,0.08020222652703524,0.41026079561561346,1.6542376428842545,4.221192896366119,70.82739019393921,0.24465332739055157,0.4532104507088661,5.507496081292629,0.08,,
ok,random_memorization,random_labels,fixedK_train_size_strip,memorize_random_N2048_K2_D2x_L4,9478,2048,2048,2048,5,10,5,1,2,4,310,16,"[[2, 2], [2, 2], [2, 2], [2, 2]]",19,1,0.8832077980041504,0.6990064382553101,0.51171875,0.6981843709945679,0.5048828125,0.6989588141441345,0.50830078125,0.6981843709945679,0.5048828125,0.50830078125,0.00341796875,0.03575778007507324,0.8304750919342041,0.9148020260035992,0.36603305116295815,0.05045251175761223,0.641721248626709,0.08098267763853073,1.484712839126587,4.471274435520172,1.3801327496767044,4.313530147075653,0.2576334774494171,0.4587402418255806,1.3435464799404144,0.08,,
ok,random_memorization,random_labels,fixedK_train_size_strip,memorize_random_N2048_K4_D2x_L4,9504,2048,2048,2048,5,10,5,1,4,4,502,32,"[[4, 4], [4, 4], [4, 4], [4, 4]]",23,5,1.1739859580993652,0.6914482116699219,0.5341796875,0.6970659494400024,0.5029296875,0.6970499753952026,0.501953125,0.6970659494400024,0.5029296875,0.501953125,0.0322265625,0.04033827781677246,1.1170687675476074,1.416044369339943,0.2738264035433531,0.08656582981348038,0.5384849309921265,0.07882075197994709,1.2107200026512146,3.5989535748958588,1.780588835477829,6.4917678236961365,0.2499023601412773,0.44583334028720856,1.4229740351438522,0.08,,
ok,random_memorization,random_labels,fixedK_train_size_strip,memorize_random_N2048_K8_D2x_L4,9556,2048,2048,2048,5,10,5,1,8,4,886,64,"[[8, 8], [8, 8], [8, 8], [8, 8]]",19,1,0.9071478843688965,0.6907908320426941,0.533203125,0.6956691741943359,0.50439453125,0.6932515501976013,0.5087890625,0.6956691741943359,0.50439453125,0.5087890625,0.0244140625,0.051970481872558594,0.8382821083068848,0.9016917273402214,0.21449827402830124,0.12810751795768738,0.44813272356987,0.0793025828897953,1.2257689237594604,3.5409477949142456,2.6928985714912415,14.830591440200806,0.2763020992279053,0.4415690153837204,1.1173552125692368,0.08,,
ok,random_memorization,random_labels,fixedK_train_size_strip,memorize_random_N2048_K16_D2x_L4,9660,2048,2048,2048,5,10,5,1,16,4,1654,128,"[[16, 16], [16, 16], [16, 16], [16, 16]]",43,25,1.956127405166626,0.6655130982398987,0.59326171875,0.7021899819374084,0.517578125,0.7058443427085876,0.4892578125,0.7021899819374084,0.517578125,0.4892578125,0.10400390625,0.0677480697631836,1.8717081546783447,1.2577022165060043,0.20389195904135704,0.0787714272737503,0.4160153865814209,0.08462858572602272,1.1356028318405151,3.366486072540283,3.1917459964752197,25.046571731567383,0.2664388194680214,0.43250326812267303,1.4340675175189972,0.08,,
ok,random_memorization,random_labels,fixedK_train_size_strip,memorize_random_N2048_K32_D2x_L4,9868,2048,2048,2048,5,10,5,1,32,4,3190,256,"[[32, 32], [32, 32], [32, 32], [32, 32]]",29,11,1.385911464691162,0.7442132234573364,0.501953125,0.750606894493103,0.5205078125,0.748607873916626,0.5009765625,0.750606894493103,0.5205078125,0.5009765625,0.0009765625,0.10482668876647949,1.2647113800048828,3.4343445748090744,0.185456532984972,0.047069646418094635,0.3500881791114807,0.08063993416726589,0.7487949728965759,2.4698530435562134,3.7179542183876038,43.65565204620361,0.27088217809796333,0.4296224042773247,3.1732468605041504,0.08,,
ok,random_memorization,random_labels,fixedK_train_size_strip,memorize_random_N2048_K64_D2x_L4,10284,2048,2048,2048,5,10,5,1,64,4,6262,512,"[[64, 64], [64, 64], [64, 64], [64, 64]]",52,34,2.548811674118042,0.6848198771476746,0.541015625,0.6979528069496155,0.52734375,0.700880765914917,0.50537109375,0.6979528069496155,0.52734375,0.50537109375,0.03564453125,0.16854500770568848,2.363323450088501,2.4532452821731567,0.19790811464190483,0.04460184648633003,0.3859500586986542,0.08085864968597889,0.6411558147519827,2.261077404022217,4.428388595581055,86.41106796264648,0.28919272869825363,0.41938478499650955,3.4975839108228683,0.08,,
ok,random_memorization,random_labels,fixedK_train_size_strip,memorize_random_N2048_K2_D2x_L8,9882,2048,2048,2048,5,10,5,1,2,8,598,32,"[[2, 2], [2, 2], [2, 2], [2, 2], [2, 2], [2, 2], [2, 2], [2, 2]]",33,15,2.4936130046844482,0.6925262212753296,0.51123046875,0.6934306621551514,0.505859375,0.693306565284729,0.4990234375,0.6934306621551514,0.505859375,0.4990234375,0.01220703125,0.06265497207641602,2.40045166015625,1.7642126679420471,0.291793217882514,0.04866698384284973,0.6556839942932129,0.07791566289961338,1.1161294057965279,3.2849787324666977,1.4720059484243393,4.4656743705272675,0.27948406524956226,0.4805257171392441,2.6320547088980675,0.08,,
ok,random_memorization,random_labels,fixedK_train_size_strip,memorize_random_N2048_K4_D2x_L8,9908,2048,2048,2048,5,10,5,1,4,8,982,64,"[[4, 4], [4, 4], [4, 4], [4, 4], [4, 4], [4, 4], [4, 4], [4, 4]]",52,34,3.861170768737793,0.692213773727417,0.49560546875,0.6947346925735474,0.515625,0.6943585276603699,0.49267578125,0.6947346925735474,0.515625,0.49267578125,0.0029296875,0.07617497444152832,3.755702257156372,1.8359228372573853,0.25916525861248374,0.04496956616640091,0.558210015296936,0.07877926900982857,1.0050080767832696,3.045363962650299,1.2081940285861492,4.3036158084869385,0.18005371815524995,0.47160644829273224,2.0991907492280006,0.08,,
ok,random_memorization,random_labels,fixedK_train_size_strip,memorize_random_N2048_K8_D2x_L8,9960,2048,2048,2048,5,10,5,1,8,8,1750,128,"[[8, 8], [8, 8], [8, 8], [8, 8], [8, 8], [8, 8], [8, 8], [8, 8]]",49,31,3.769421100616455,0.6928949356079102,0.50634765625,0.6911327242851257,0.52734375,0.6934419870376587,0.50732421875,0.6911327242851257,0.52734375,0.50732421875,-0.0009765625,0.09187960624694824,3.64774489402771,1.3944322355091572,0.17836395744234324,0.1103656068444252,0.47230130434036255,0.07964775059372187,1.154471181333065,3.31610906124115,2.297953277826309,10.588468313217163,0.24833171628415585,0.4691569060087204,1.8531207665801048,0.08,,
ok,random_memorization,random_labels,fixedK_train_size_strip,memorize_random_N2048_K16_D2x_L8,10064,2048,2048,2048,5,10,5,1,16,8,3286,256,"[[16, 16], [16, 16], [16, 16], [16, 16], [16, 16], [16, 16], [16, 16], [16, 16]]",25,7,1.977297067642212,0.6970473527908325,0.513671875,0.6990848183631897,0.50732421875,0.6983723640441895,0.52783203125,0.6990848183631897,0.50732421875,0.52783203125,-0.01416015625,0.1279616355895996,1.816960096359253,1.3595460206270218,0.21254479605704546,0.07281829416751862,0.40555381774902344,0.07964512798935175,0.9446315318346024,2.7387670129537582,2.6774461567401886,16.365045309066772,0.2477539237588644,0.46489258110523224,2.3473019897937775,0.08,,
ok,random_memorization,random_labels,fixedK_train_size_strip,memorize_random_N2048_K32_D2x_L8,10272,2048,2048,2048,5,10,5,1,32,8,6358,512,"[[32, 32], [32, 32], [32, 32], [32, 32], [32, 32], [32, 32], [32, 32], [32, 32]]",42,24,3.248772621154785,0.7035775184631348,0.50244140625,0.6983002424240112,0.51708984375,0.6979103088378906,0.48193359375,0.6983002424240112,0.51708984375,0.48193359375,0.0205078125,0.194488525390625,3.0244083404541016,2.342783071100712,0.22836891375482082,0.0634990930557251,0.4786452353000641,0.08041501604020596,0.5127484071999788,1.9150431454181671,3.518971771001816,35.38995552062988,0.2657389473170042,0.46593426167964935,5.214404046535492,0.08,,
ok,random_memorization,random_labels,fixedK_train_size_strip,memorize_random_N2048_K64_D2x_L8,10688,2048,2048,2048,5,10,5,1,64,8,12502,1024,"[[64, 64], [64, 64], [64, 64], [64, 64], [64, 64], [64, 64], [64, 64], [64, 64]]",36,18,3.0775434970855713,0.7298160791397095,0.509765625,0.7175962924957275,0.50927734375,0.719585657119751,0.48974609375,0.7175962924957275,0.50927734375,0.48974609375,0.02001953125,0.3334927558898926,2.7135329246520996,2.814501453191042,0.19848142424598336,0.047561366111040115,0.39307355880737305,0.0807739607989788,0.5238589055370539,1.902614638209343,3.8368845880031586,53.86622977256775,0.2299072416499257,0.4513916242867708,4.24925971031189,0.08,,
ok,random_memorization,random_labels,fixedK_train_size_strip,memorize_random_N4096_K2_D2x_L4,11526,4096,2048,4096,5,10,5,1,2,4,310,16,"[[2, 2], [2, 2], [2, 2], [2, 2]]",30,12,2.5621390342712402,0.6931459903717041,0.501708984375,0.6930505037307739,0.50927734375,0.6932941675186157,0.4912109375,0.6930505037307739,0.50927734375,0.4912109375,0.010498046875,0.042806148529052734,2.4981534481048584,1.506958533078432,0.34405999071896076,0.04971623420715332,0.6494646668434143,0.07728398218750954,1.3737779408693314,4.095223844051361,0.9194889664649963,3.3248807787895203,0.1397135474253446,0.4822428449988365,0.6786888390779495,0.08,,
ok,random_memorization,random_labels,fixedK_train_size_strip,memorize_random_N4096_K4_D2x_L4,11552,4096,2048,4096,5,10,5,1,4,4,502,32,"[[4, 4], [4, 4], [4, 4], [4, 4]]",50,32,4.3404881954193115,0.6851797699928284,0.546875,0.6947221755981445,0.52392578125,0.6958022117614746,0.514404296875,0.6947221755981445,0.52392578125,0.514404296875,0.032470703125,0.03908681869506836,4.279335021972656,1.9616217240691185,0.28402102552354336,0.062031686305999756,0.5761764049530029,0.092565156519413,0.8983691930770874,2.9839620292186737,1.43978813290596,5.164096683263779,0.2881510592997074,0.445719413459301,1.5129434764385223,0.08,,
ok,random_memorization,random_labels,fixedK_train_size_strip,memorize_random_N4096_K8_D2x_L4,11604,4096,2048,4096,5,10,5,1,8,4,886,64,"[[8, 8], [8, 8], [8, 8], [8, 8]]",20,2,1.7695398330688477,0.6902049779891968,0.520263671875,0.6923144459724426,0.52099609375,0.6961676776409149,0.47900390625,0.6923144459724426,0.52099609375,0.47900390625,0.041259765625,0.052108049392700195,1.696195125579834,0.878079891204834,0.22815145179629326,0.11170188337564468,0.46632662415504456,0.07913559675216675,1.2556627690792084,3.6107553243637085,2.750035285949707,15.664367914199829,0.26119793578982353,0.44218750298023224,1.1232576668262482,0.08,,
ok,random_memorization,random_labels,fixedK_train_size_strip,memorize_random_N4096_K16_D2x_L4,11708,4096,2048,4096,5,10,5,1,16,4,1654,128,"[[16, 16], [16, 16], [16, 16], [16, 16]]",42,24,3.6954071521759033,0.669646680355072,0.587646484375,0.7073858976364136,0.51513671875,0.7118154764175415,0.49267578125,0.7073858976364136,0.51513671875,0.49267578125,0.094970703125,0.06891179084777832,3.6056926250457764,1.207872748374939,0.20290160737931728,0.09396740049123764,0.4349828064441681,0.08393676951527596,1.0425519347190857,3.108284145593643,3.1079583168029785,23.169641971588135,0.26437176018953323,0.4323893338441849,1.44569531083107,0.08,,
ok,random_memorization,random_labels,fixedK_train_size_strip,memorize_random_N4096_K32_D2x_L4,11916,4096,2048,4096,5,10,5,1,32,4,3190,256,"[[32, 32], [32, 32], [32, 32], [32, 32]]",22,4,2.0556843280792236,0.6976305544376373,0.518310546875,0.7064643502235413,0.52685546875,0.70738285779953,0.494384765625,0.7064643502235413,0.52685546875,0.494384765625,0.02392578125,0.10538578033447266,1.9297678470611572,3.061088815331459,0.18147487938404083,0.048363782465457916,0.35553431510925293,0.08107040077447891,0.7868231236934662,2.613688439130783,3.704191565513611,43.8015251159668,0.27817384898662567,0.43077801167964935,2.9510478377342224,0.08,,
ok,random_memorization,random_labels,fixedK_train_size_strip,memorize_random_N4096_K64_D2x_L4,12332,4096,2048,4096,5,10,5,1,64,4,6262,512,"[[64, 64], [64, 64], [64, 64], [64, 64]]",44,26,3.8638410568237305,0.6896377205848694,0.528564453125,0.6931538581848145,0.52392578125,0.6968727111816406,0.49365234375,0.6931538581848145,0.52392578125,0.49365234375,0.034912109375,0.16687965393066406,3.676171064376831,2.101992204785347,0.19906282238662243,0.04563067480921745,0.36660414934158325,0.08148130215704441,0.7449371293187141,2.4422500133514404,4.310724198818207,78.86936664581299,0.27796225622296333,0.41718751937150955,2.976760134100914,0.08,,
ok,random_memorization,random_labels,fixedK_train_size_strip,memorize_random_N4096_K2_D2x_L8,11930,4096,2048,4096,5,10,5,1,2,8,598,32,"[[2, 2], [2, 2], [2, 2], [2, 2], [2, 2], [2, 2], [2, 2], [2, 2]]",23,5,3.4286258220672607,0.6933496594429016,0.48876953125,0.6929622292518616,0.51416015625,0.693294107913971,0.508056640625,0.6929622292518616,0.51416015625,0.508056640625,-0.019287109375,0.06401824951171875,3.326782703399658,4.353413414210081,0.24479393102228642,0.0481802262365818,0.6478621363639832,0.08018857054412365,0.811351339576504,2.652446299791336,0.575582095363643,2.3250449746847153,0.23300782684236765,0.4731038436293602,3.0208593532443047,0.08,,
ok,random_memorization,random_labels,fixedK_train_size_strip,memorize_random_N4096_K4_D2x_L8,11956,4096,2048,4096,5,10,5,1,4,8,982,64,"[[4, 4], [4, 4], [4, 4], [4, 4], [4, 4], [4, 4], [4, 4], [4, 4]]",47,29,6.7343292236328125,0.6927812695503235,0.513916015625,0.6938301920890808,0.51318359375,0.6936068832874298,0.49365234375,0.6938301920890808,0.51318359375,0.49365234375,0.020263671875,0.07462716102600098,6.623220920562744,4.685900282114744,0.33775559766218066,0.04706668108701706,0.8275662660598755,0.08105276338756084,0.53055960808706,2.171980917453766,0.9256105152890086,3.9183330088853836,0.2867757324129343,0.4782308004796505,6.560003504157066,0.08,,
ok,random_memorization,random_labels,fixedK_train_size_strip,memorize_random_N4096_K8_D2x_L8,12008,4096,2048,4096,5,10,5,1,8,8,1750,128,"[[8, 8], [8, 8], [8, 8], [8, 8], [8, 8], [8, 8], [8, 8], [8, 8]]",23,5,3.337582588195801,0.694246232509613,0.50830078125,0.6926623582839966,0.513671875,0.6943939924240112,0.50634765625,0.6926623582839966,0.513671875,0.50634765625,0.001953125,0.09245848655700684,3.208678722381592,1.2892997078597546,0.1830190923064947,0.11146503686904907,0.4693402349948883,0.07982054073363543,1.1186010539531708,3.171755164861679,2.482119232416153,12.170032262802124,0.25642091035842896,0.4693603590130806,1.918335147202015,0.08,,
ok,random_memorization,random_labels,fixedK_train_size_strip,memorize_random_N4096_K16_D2x_L8,12112,4096,2048,4096,5,10,5,1,16,8,3286,256,"[[16, 16], [16, 16], [16, 16], [16, 16], [16, 16], [16, 16], [16, 16], [16, 16]]",37,19,5.3989927768707275,0.6939542591571808,0.501953125,0.6943459510803223,0.51806640625,0.6956766843795776,0.4873046875,0.6943459510803223,0.51806640625,0.4873046875,0.0146484375,0.12594366073608398,5.235113143920898,1.151111401617527,0.17140772566199303,0.10690734535455704,0.40316909551620483,0.08076427318155766,1.1542476415634155,3.2485086917877197,2.9009029269218445,19.1979238986969,0.25240886583924294,0.46390788443386555,1.8988719806075096,0.08,,
ok,random_memorization,random_labels,fixedK_train_size_strip,memorize_random_N4096_K32_D2x_L8,12320,4096,2048,4096,5,10,5,1,32,8,6358,512,"[[32, 32], [32, 32], [32, 32], [32, 32], [32, 32], [32, 32], [32, 32], [32, 32]]",20,2,3.0380754470825195,0.7541950047016144,0.5107421875,0.7561936378479004,0.52001953125,0.7554513216018677,0.49609375,0.7561936378479004,0.52001953125,0.49609375,0.0146484375,0.19172430038452148,2.808901309967041,1.4850855991244316,0.20714222267270088,0.06968238204717636,0.43512317538261414,0.0799638032913208,0.7660907916724682,2.334884285926819,3.210944890975952,28.91209864616394,0.27880047261714935,0.4646240286529064,3.126326024532318,0.08,,
ok,random_memorization,random_labels,fixedK_train_size_strip,memorize_random_N4096_K64_D2x_L8,12736,4096,2048,4096,5,10,5,1,64,8,12502,1024,"[[64, 64], [64, 64], [64, 64], [64, 64], [64, 64], [64, 64], [64, 64], [64, 64]]",28,10,4.27983283996582,0.7403090000152588,0.50244140625,0.7311156988143921,0.50732421875,0.7400105893611908,0.504150390625,0.7311156988143921,0.50732421875,0.504150390625,-0.001708984375,0.32883524894714355,3.912832736968994,2.6274371445178986,0.25873723858967423,0.047313060611486435,0.6472597122192383,0.07973800133913755,0.5290517620742321,1.9386252611875534,3.724122256040573,49.681620836257935,0.24220379069447517,0.45610352978110313,5.466995529830456,0.08,,
ok,random_memorization,random_labels,fixedK_train_size_strip,memorize_random_N8192_K2_D2x_L4,15622,8192,2048,4096,5,10,5,1,2,4,310,16,"[[2, 2], [2, 2], [2, 2], [2, 2]]",22,4,3.7478792667388916,0.6923400312662125,0.5164794921875,0.6934762001037598,0.52001953125,0.6941320896148682,0.498046875,0.6934762001037598,0.52001953125,0.498046875,0.0184326171875,0.03648686408996582,3.686342239379883,1.1591234914958477,0.35442181304097176,0.05121061950922012,0.6583524346351624,0.07687723450362682,1.2061224579811096,3.6690022945404053,1.3314445316791534,4.094856321811676,0.23489584773778915,0.46904297173023224,1.5510787963867188,0.08,,
ok,random_memorization,random_labels,fixedK_train_size_strip,memorize_random_N8192_K4_D2x_L4,15648,8192,2048,4096,5,10,5,1,4,4,502,32,"[[4, 4], [4, 4], [4, 4], [4, 4]]",40,22,6.625096559524536,0.6868188083171844,0.5509033203125,0.6963648796081543,0.515625,0.6960488259792328,0.50244140625,0.6963648796081543,0.515625,0.50244140625,0.0484619140625,0.04210996627807617,6.549191236495972,1.5088463053107262,0.27811711095273495,0.0758000835776329,0.5757070779800415,0.09943906217813492,0.9076234996318817,2.859985440969467,1.4475707709789276,5.362984985113144,0.28160808235406876,0.4455403760075569,1.52718485891819,0.08,,
ok,random_memorization,random_labels,fixedK_train_size_strip,memorize_random_N8192_K8_D2x_L4,15700,8192,2048,4096,5,10,5,1,8,4,886,64,"[[8, 8], [8, 8], [8, 8], [8, 8]]",19,1,3.2676122188568115,0.6936283558607101,0.5084228515625,0.6920059323310852,0.52587890625,0.6955166161060333,0.500732421875,0.6920059323310852,0.52587890625,0.500732421875,0.0076904296875,0.052922725677490234,3.18833589553833,1.091179147362709,0.22281121090054512,0.1296137273311615,0.4657624661922455,0.07863611355423927,1.3246333599090576,3.8549318313598633,2.5628185272216797,13.39373254776001,0.266748059540987,0.4400878995656967,1.2469452023506165,0.08,,
ok,random_memorization,random_labels,fixedK_train_size_strip,memorize_random_N8192_K16_D2x_L4,15804,8192,2048,4096,5,10,5,1,16,4,1654,128,"[[16, 16], [16, 16], [16, 16], [16, 16]]",43,25,7.298827648162842,0.6907149404287338,0.5260009765625,0.6921336054801941,0.53076171875,0.6943218111991882,0.502197265625,0.6921336054801941,0.53076171875,0.502197265625,0.0238037109375,0.07042574882507324,7.202936172485352,1.5827556028962135,0.20137894526124,0.06474074721336365,0.43849343061447144,0.08189145103096962,0.8440699428319931,2.682145208120346,3.158961534500122,24.292776584625244,0.2634114697575569,0.4265299662947655,1.7659221291542053,0.08,,
ok,random_memorization,random_labels,fixedK_train_size_strip,memorize_random_N8192_K32_D2x_L4,16012,8192,2048,4096,5,10,5,1,32,4,3190,256,"[[32, 32], [32, 32], [32, 32], [32, 32]]",25,7,4.332416534423828,0.6934588551521301,0.5111083984375,0.6949155330657959,0.52197265625,0.694269448518753,0.504638671875,0.6949155330657959,0.52197265625,0.504638671875,0.0064697265625,0.10152101516723633,4.203995704650879,2.0471055805683136,0.18302897177636623,0.0649273619055748,0.3691791892051697,0.08096647076308727,0.74514090269804,2.473096877336502,3.5860880613327026,40.28173017501831,0.25045574456453323,0.4062500223517418,2.1973201483488083,0.08,,
ok,random_memorization,random_labels,fixedK_train_size_strip,memorize_random_N8192_K64_D2x_L4,16428,8192,2048,4096,5,10,5,1,64,4,6262,512,"[[64, 64], [64, 64], [64, 64], [64, 64]]",44,26,7.594390630722046,0.6933260560035706,0.4991455078125,0.6944758296012878,0.52294921875,0.6945526301860809,0.495361328125,0.6944758296012878,0.52294921875,0.495361328125,0.0037841796875,0.16951990127563477,7.399968862533569,2.6693860962986946,0.18873738031834364,0.04177528992295265,0.37656423449516296,0.08332076109945774,0.6185328476130962,2.2952104806900024,4.264102816581726,75.07545852661133,0.24208985641598701,0.40947267785668373,3.4734748899936676,0.08,,
ok,random_memorization,random_labels,fixedK_train_size_strip,memorize_random_N8192_K2_D2x_L8,16026,8192,2048,4096,5,10,5,1,2,8,598,32,"[[2, 2], [2, 2], [2, 2], [2, 2], [2, 2], [2, 2], [2, 2], [2, 2]]",36,18,10.036391735076904,0.6930241584777832,0.507568359375,0.6917415857315063,0.5302734375,0.6934675574302673,0.498779296875,0.6917415857315063,0.5302734375,0.498779296875,0.0087890625,0.06078624725341797,9.92836880683899,2.9046708773821592,0.25218939362093806,0.04800033941864967,0.6305520534515381,0.07959525566548109,0.7944166727829725,2.6323059648275375,0.7781717032194138,2.6192850470542908,0.24707845970988274,0.47399088740348816,2.7351497523486614,0.08,,
ok,random_memorization,random_labels,fixedK_train_size_strip,memorize_random_N8192_K4_D2x_L8,16052,8192,2048,4096,5,10,5,1,4,8,982,64,"[[4, 4], [4, 4], [4, 4], [4, 4], [4, 4], [4, 4], [4, 4], [4, 4]]",20,2,5.6971025466918945,0.7227945774793625,0.505126953125,0.725168764591217,0.51025390625,0.7307524085044861,0.49658203125,0.725168764591217,0.51025390625,0.49658203125,0.008544921875,0.07703256607055664,5.572225093841553,4.080665774643421,0.2097228178754449,0.07676096260547638,0.541864275932312,0.07967220991849899,0.9461991039570421,2.928833231329918,1.5947563722729683,5.408564269542694,0.2604655073955655,0.4731608144938946,2.9381615296006203,0.08,,
ok,random_memorization,random_labels,fixedK_train_size_strip,memorize_random_N8192_K8_D2x_L8,16104,8192,2048,4096,5,10,5,1,8,8,1750,128,"[[8, 8], [8, 8], [8, 8], [8, 8], [8, 8], [8, 8], [8, 8], [8, 8]]",52,34,14.65463376045227,0.693137526512146,0.5054931640625,0.6928893327713013,0.53076171875,0.6947130560874939,0.49560546875,0.6928893327713013,0.53076171875,0.49560546875,0.0098876953125,0.09619545936584473,14.513368129730225,1.350710615515709,0.18210884369909763,0.1121271550655365,0.490586519241333,0.08713333681225777,1.0013815835118294,2.9168996661901474,2.2033120691776276,9.69165325164795,0.24359539151191711,0.4666910879313946,1.8820977881550789,0.08,,
ok,random_memorization,random_labels,fixedK_train_size_strip,memorize_random_N8192_K16_D2x_L8,16208,8192,2048,4096,5,10,5,1,16,8,3286,256,"[[16, 16], [16, 16], [16, 16], [16, 16], [16, 16], [16, 16], [16, 16], [16, 16]]",34,16,9.557268142700195,0.6936943382024765,0.491943359375,0.6923977136611938,0.5166015625,0.6940795481204987,0.490478515625,0.6923977136611938,0.5166015625,0.490478515625,0.00146484375,0.12695717811584473,9.38582968711853,1.8296933993697166,0.19477186724543571,0.07732906192541122,0.4293190836906433,0.07876390591263771,0.7884029820561409,2.393401473760605,2.4007922410964966,13.459879696369171,0.2164550879970193,0.45429687947034836,2.4867268577218056,0.08,,
ok,random_memorization,random_labels,fixedK_train_size_strip,memorize_random_N8192_K32_D2x_L8,16416,8192,2048,4096,5,10,5,1,32,8,6358,512,"[[32, 32], [32, 32], [32, 32], [32, 32], [32, 32], [32, 32], [32, 32], [32, 32]]",19,1,5.45223069190979,1.3536183834075928,0.505126953125,1.321868896484375,0.51220703125,1.4016496539115906,0.491455078125,1.321868896484375,0.51220703125,0.491455078125,0.013671875,0.19687628746032715,5.2106592655181885,1.5714650750160217,0.19752297550439835,0.07404825091362,0.38289210200309753,0.08034892193973064,0.8094192706048489,2.4533116817474365,3.224570542573929,29.321047067642212,0.27039389312267303,0.4677571654319763,2.9157565608620644,0.08,,
ok,random_memorization,random_labels,fixedK_train_size_strip,memorize_random_N8192_K64_D2x_L8,16832,8192,2048,4096,5,10,5,1,64,8,12502,1024,"[[64, 64], [64, 64], [64, 64], [64, 64], [64, 64], [64, 64], [64, 64], [64, 64]]",23,5,6.796637535095215,0.7104702889919281,0.5047607421875,0.7058155536651611,0.52001953125,0.7178249955177307,0.477783203125,0.7058155536651611,0.52001953125,0.477783203125,0.0269775390625,0.32956671714782715,6.4210755825042725,2.5794825814664364,0.17780279414728284,0.047371283173561096,0.33792948722839355,0.07974614668637514,0.5074452254921198,1.9108328074216843,3.921095162630081,56.47179698944092,0.2540934346616268,0.45372723788022995,4.3745474219322205,0.08,,
ok,promoted_long,parity3,top_from_core,long_parity3_K4_D2x_L2_S0,0,3072,2048,4096,5,10,5,1,4,2,262,16,"[[4, 4], [4, 4]]",185,167,8.516009092330933,0.0683193455139796,0.9759114583333334,0.1268659085035324,0.958984375,0.11849784851074219,0.953125,0.1268659085035324,0.958984375,0.953125,0.02278645833333337,0.03151702880859375,8.422778606414795,1.8184542059898376,0.22580134496092796,0.09802966564893723,0.3728013038635254,0.5140933990478516,0.3148377612233162,1.3892216086387634,2.139871597290039,8.510443210601807,0.2540690302848816,0.3704427182674408,1.8789339065551758,0.08,C:\Projets\AATField\Experiments\research-capacity\runs\capacity_scan_20260623_230300\checkpoints\long_parity3_K4_D2x_L2_S0.pt,
ok,promoted_long,parity3,top_from_core,long_parity3_K4_D4x_L2_S0,0,3072,2048,4096,5,20,15,3,4,2,482,16,"[[4, 4], [4, 4]]",168,150,7.672484397888184,0.07711410522460938,0.9690755208333334,0.1210303008556366,0.95751953125,0.13680580258369446,0.9462890625,0.1210303008556366,0.95751953125,0.9462890625,0.02278645833333337,0.026307106018066406,7.628201007843018,1.8366699814796448,0.2260020449757576,0.09950697422027588,0.38585415482521057,0.6922087371349335,0.3379073366522789,1.418404459953308,2.109331250190735,8.243978023529053,0.1165364645421505,0.173746757209301,1.9353584051132202,0.08,C:\Projets\AATField\Experiments\research-capacity\runs\capacity_scan_20260623_230300\checkpoints\long_parity3_K4_D4x_L2_S0.pt,
ok,promoted_long,parity3,top_from_core,long_parity3_K4_D1x_L2_S0,0,3072,2048,4096,5,5,0,0,4,2,152,16,"[[4, 4], [4, 4]]",194,176,8.908354043960571,0.07658691704273224,0.9739583333333334,0.1254235804080963,0.9599609375,0.14799945056438446,0.948974609375,0.1254235804080963,0.9599609375,0.948974609375,0.02498372395833337,0.02623772621154785,8.86381220817566,1.6679295301437378,0.23120001703500748,0.0897759199142456,0.3921654224395752,0.6123649477958679,0.35899387300014496,1.4468170404434204,2.0703608989715576,7.92813777923584,0.4642578363418579,0.7270833849906921,1.837453842163086,0.08,C:\Projets\AATField\Experiments\research-capacity\runs\capacity_scan_20260623_230300\checkpoints\long_parity3_K4_D1x_L2_S0.pt,
ok,promoted_long,parity3,top_from_core,long_parity3_K4_D2x_L4_S0,0,3072,2048,4096,5,10,5,1,4,4,502,32,"[[4, 4], [4, 4], [4, 4], [4, 4]]",316,298,20.569623470306396,0.07521393398443858,0.9694010416666666,0.120159812271595,0.953125,0.1487247422337532,0.944091796875,0.120159812271595,0.953125,0.944091796875,0.02530924479166663,0.04320883750915527,20.49821186065674,2.027502343058586,0.22691061347723007,0.05201296880841255,0.4298309087753296,0.36369847878813744,0.5218236818909645,1.7405660152435303,1.9297781884670258,7.15626323223114,0.2557942867279053,0.4397623836994171,2.1798659414052963,0.08,C:\Projets\AATField\Experiments\research-capacity\runs\capacity_scan_20260623_230300\checkpoints\long_parity3_K4_D2x_L4_S0.pt,
ok,promoted_long,parity3,top_from_core,long_parity3_K4_D1x_L4_S0,0,3072,2048,4096,5,5,0,0,4,4,292,32,"[[4, 4], [4, 4], [4, 4], [4, 4]]",154,136,10.071637868881226,0.1273649980624517,0.9391276041666666,0.16742642223834991,0.93896484375,0.1858513355255127,0.932861328125,0.16742642223834991,0.93896484375,0.932861328125,0.00626627604166663,0.04787898063659668,9.999772071838379,2.08767157047987,0.22935786470770836,0.05508062615990639,0.40742310881614685,0.2818475142121315,0.5946842059493065,1.888026863336563,1.972130537033081,7.232129693031311,0.5358398705720901,0.8540690392255783,1.9754274636507034,0.08,C:\Projets\AATField\Experiments\research-capacity\runs\capacity_scan_20260623_230300\checkpoints\long_parity3_K4_D1x_L4_S0.pt,
ok,promoted_long,parity3,top_from_core,long_parity3_K8_D4x_L2_S0,0,3072,2048,4096,5,20,15,3,8,2,834,32,"[[8, 8], [8, 8]]",174,156,7.88890814781189,0.1369031767050425,0.9375,0.22920435667037964,0.9111328125,0.25798308104276657,0.896728515625,0.22920435667037964,0.9111328125,0.896728515625,0.040771484375,0.02980494499206543,7.843231439590454,1.9811038821935654,0.2095111757516861,0.06492826342582703,0.4074367880821228,0.4318060129880905,0.43548835813999176,1.5889924764633179,2.587540864944458,13.322825908660889,0.11757813394069672,0.1683756560087204,1.8843329846858978,0.08,C:\Projets\AATField\Experiments\research-capacity\runs\capacity_scan_20260623_230300\checkpoints\long_parity3_K8_D4x_L2_S0.pt,
ok,promoted_long,parity3,top_from_core,long_parity3_K8_D1x_L2_S0,0,3072,2048,4096,5,5,0,0,8,2,264,32,"[[8, 8], [8, 8]]",147,129,6.726115465164185,0.17535590132077536,0.9261067708333334,0.2948848605155945,0.888671875,0.30529071390628815,0.8837890625,0.2948848605155945,0.888671875,0.8837890625,0.04231770833333337,0.027887582778930664,6.679912090301514,1.8212579935789108,0.2208961732685566,0.07113809138536453,0.4203133285045624,0.35736484825611115,0.48208456486463547,1.6657810807228088,2.6020660400390625,13.497086524963379,0.48684899508953094,0.6869141161441803,1.799914538860321,0.08,C:\Projets\AATField\Experiments\research-capacity\runs\capacity_scan_20260623_230300\checkpoints\long_parity3_K8_D1x_L2_S0.pt,
ok,promoted_long,parity5,top_from_core,long_parity5_K16_D2x_L2_S0,0,3072,2048,4096,5,10,5,1,16,2,838,64,"[[16, 16], [16, 16]]",87,69,3.9919281005859375,0.4212245245774587,0.78515625,0.6405481100082397,0.6982421875,0.6743434369564056,0.66357421875,0.6405481100082397,0.6982421875,0.66357421875,0.12158203125,0.04195261001586914,3.934210777282715,1.8925985991954803,0.2110200636088848,0.07271908223628998,0.42476123571395874,0.169970341026783,0.7113010734319687,2.1975045800209045,3.3746219873428345,29.216572761535645,0.23603516817092896,0.3330078274011612,1.7112050950527191,0.08,C:\Projets\AATField\Experiments\research-capacity\runs\capacity_scan_20260623_230300\checkpoints\long_parity5_K16_D2x_L2_S0.pt,
ok,promoted_long,parity5,top_from_core,long_parity5_K16_D4x_L2_S0,0,3072,2048,4096,5,20,15,3,16,2,1538,64,"[[16, 16], [16, 16]]",86,68,3.9731380939483643,0.45326854785283405,0.7643229166666666,0.680519163608551,0.66162109375,0.6702544391155243,0.636474609375,0.680519163608551,0.66162109375,0.636474609375,0.12784830729166663,0.04111766815185547,3.9145519733428955,1.7759801596403122,0.2121966853737831,0.07253109663724899,0.41638612747192383,0.1622595712542534,0.6512345671653748,2.0678955912590027,3.3779178857803345,29.314135551452637,0.1194661520421505,0.16098633408546448,1.558569997549057,0.08,C:\Projets\AATField\Experiments\research-capacity\runs\capacity_scan_20260623_230300\checkpoints\long_parity5_K16_D4x_L2_S0.pt,
ok,promoted_long,parity5,top_from_core,long_parity5_K32_D4x_L2_S0,0,3072,2048,4096,5,20,15,3,32,2,2946,128,"[[32, 32], [32, 32]]",88,70,4.154511451721191,0.3682708243529002,0.826171875,0.7868127822875977,0.65087890625,0.7796023190021515,0.6552734375,0.7868127822875977,0.65087890625,0.6552734375,0.1708984375,0.06166696548461914,4.070456504821777,2.9522490948438644,0.17840829491615295,0.044246308505535126,0.3661104440689087,0.14563152939081192,0.7232315987348557,2.3491886854171753,4.005194783210754,55.02427291870117,0.13225912302732468,0.16800131648778915,2.5511112809181213,0.08,C:\Projets\AATField\Experiments\research-capacity\runs\capacity_scan_20260623_230300\checkpoints\long_parity5_K32_D4x_L2_S0.pt,
ok,promoted_long,parity5,top_from_core,long_parity5_K64_D4x_L2_S0,0,3072,2048,4096,5,20,15,3,64,2,5762,256,"[[64, 64], [64, 64]]",70,52,3.2983286380767822,0.26713671286900836,0.8802083333333334,0.9415366649627686,0.6572265625,0.9743995070457458,0.63427734375,0.9415366649627686,0.6572265625,0.63427734375,0.24593098958333337,0.09745144844055176,3.1822686195373535,3.6118116974830627,0.15496281534433365,0.0359114445745945,0.3054826855659485,0.0994994156062603,0.7581649050116539,2.4938852190971375,4.625472545623779,102.9179916381836,0.13570964336395264,0.16443685814738274,2.9510061144828796,0.08,C:\Projets\AATField\Experiments\research-capacity\runs\capacity_scan_20260623_230300\checkpoints\long_parity5_K64_D4x_L2_S0.pt,
ok,promoted_long,parity5,top_from_core,long_parity5_K8_D1x_L2_S0,0,3072,2048,4096,5,5,0,0,8,2,264,32,"[[8, 8], [8, 8]]",66,48,3.021374225616455,0.5817956725756327,0.6975911458333334,0.6494695544242859,0.64306640625,0.6549829840660095,0.627685546875,0.6494695544242859,0.64306640625,0.627685546875,0.06990559895833337,0.02943730354309082,2.9756197929382324,1.0799987018108368,0.25096308067440987,0.09093392640352249,0.4759824872016907,0.22589387744665146,0.7311054468154907,2.165009379386902,2.5998666286468506,13.491082191467285,0.4697265923023224,0.7135416865348816,1.1488022804260254,0.08,C:\Projets\AATField\Experiments\research-capacity\runs\capacity_scan_20260623_230300\checkpoints\long_parity5_K8_D1x_L2_S0.pt,
ok,promoted_long,parity5,top_from_core,long_parity5_K64_D2x_L2_S0,0,3072,2048,4096,5,10,5,1,64,2,3142,256,"[[64, 64], [64, 64]]",31,13,1.5046453475952148,0.4087921380996704,0.8115234375,0.7136082053184509,0.64208984375,0.7469106912612915,0.616943359375,0.7136082053184509,0.64208984375,0.616943359375,0.194580078125,0.10391426086425781,1.3846724033355713,3.029220551252365,0.16084990836679935,0.04338884353637695,0.29969409108161926,0.08146524801850319,0.8399080783128738,2.720753490924835,4.635714054107666,104.15480041503906,0.25882162153720856,0.32369793951511383,2.60859152674675,0.08,,
ok,promoted_long,parity5,top_from_core,long_parity5_K16_D1x_L2_S0,0,3072,2048,4096,5,5,0,0,16,2,488,64,"[[16, 16], [16, 16]]",83,65,3.7567479610443115,0.4578353464603424,0.759765625,0.6798560619354248,0.650390625,0.6944352686405182,0.6376953125,0.6798560619354248,0.650390625,0.6376953125,0.1220703125,0.04019021987915039,3.7026801109313965,1.6295986771583557,0.21561547368764877,0.07402322441339493,0.4153780937194824,0.13901273533701897,0.7086848467588425,2.1954806447029114,3.362996459007263,28.940221786499023,0.4726562947034836,0.6612630784511566,1.4503986537456512,0.08,,
ok,promoted_long,periodic4,top_from_core,long_periodic4_K64_D4x_L8_S0,0,3072,2048,4096,5,20,15,3,64,8,22922,1024,"[[64, 64], [64, 64], [64, 64], [64, 64], [64, 64], [64, 64], [64, 64], [64, 64]]",25,7,3.1588642597198486,0.6954706708590189,0.5397135416666666,0.7051414847373962,0.53173828125,0.7088179290294647,0.49169921875,0.7051414847373962,0.53173828125,0.49169921875,0.04801432291666663,0.36025023460388184,2.7590746879577637,2.2002211548388004,0.18463911768049002,0.04780003800988197,0.38634777069091797,0.07954912073910236,0.6770027279853821,2.144859030842781,3.5973122119903564,46.42571759223938,0.13269450701773167,0.22834880370646715,3.7022598534822464,0.08,,
ok,promoted_long,periodic4,top_from_core,long_periodic4_K64_D1x_L2_S0,0,3072,2048,4096,5,5,0,0,64,2,1832,256,"[[64, 64], [64, 64]]",47,29,2.1635890007019043,0.45400920510292053,0.7750651041666666,0.9364479780197144,0.5380859375,0.9670080840587616,0.51416015625,0.9364479780197144,0.5380859375,0.51416015625,0.26090494791666663,0.09778404235839844,2.0502939224243164,2.687987267971039,0.16203885897994041,0.042360853403806686,0.30403366684913635,0.08457495272159576,0.8772610723972321,2.8571940064430237,4.63802433013916,104.19811248779297,0.518229216337204,0.6591146290302277,2.1420441567897797,0.08,,
ok,promoted_long,periodic4,top_from_core,long_periodic4_K8_D4x_L4_S0,0,3072,2048,4096,5,20,15,3,8,4,1626,64,"[[8, 8], [8, 8], [8, 8], [8, 8]]",43,25,2.9496796131134033,0.6630940635999044,0.591796875,0.7021677494049072,0.53271484375,0.7098176777362823,0.508056640625,0.7021677494049072,0.53271484375,0.508056640625,0.083740234375,0.05664634704589844,2.8706953525543213,1.0896834582090378,0.2195535395294428,0.10147567838430405,0.48200109601020813,0.08673180639743805,1.1282311975955963,3.3439977169036865,2.6044840216636658,13.721021175384521,0.14352214336395264,0.22026367485523224,1.298193171620369,0.08,,
ok,promoted_long,periodic4,top_from_core,long_periodic4_K64_D2x_L2_S0,0,3072,2048,4096,5,10,5,1,64,2,3142,256,"[[64, 64], [64, 64]]",40,22,1.885939121246338,0.47784870862960815,0.7659505208333334,0.8668903112411499,0.53955078125,0.8916613161563873,0.51025390625,0.8668903112411499,0.53955078125,0.51025390625,0.25569661458333337,0.10047411918640137,1.7674930095672607,2.7398746460676193,0.1628983337432146,0.03941778466105461,0.31009915471076965,0.08359204232692719,0.8908070623874664,2.932971775531769,4.631084442138672,103.57528305053711,0.26477867364883423,0.32513023912906647,2.2355147302150726,0.08,,
ok,promoted_long,periodic4,top_from_core,long_periodic4_K2_D1x_L2_S0,0,3072,2048,4096,5,5,0,0,2,2,96,8,"[[2, 2], [2, 2]]",26,8,1.2662241458892822,0.6929135918617249,0.5061848958333334,0.6924088597297668,0.52880859375,0.6936206817626953,0.494384765625,0.6924088597297668,0.52880859375,0.494384765625,0.01180013020833337,0.018839597702026367,1.2322335243225098,0.41831477731466293,0.44874951243400574,0.2451253980398178,0.6703352928161621,0.09391601011157036,1.6268764734268188,5.095337390899658,1.5585427284240723,4.751904249191284,0.5826172232627869,0.7469401210546494,0.578192412853241,0.08,,
ok,promoted_long,periodic4,top_from_core,long_periodic4_K32_D1x_L2_S0,0,3072,2048,4096,5,5,0,0,32,2,936,128,"[[32, 32], [32, 32]]",20,2,0.9878957271575928,0.7058975299199423,0.51953125,0.7159731388092041,0.52685546875,0.7217183113098145,0.50048828125,0.7159731388092041,0.52685546875,0.50048828125,0.01904296875,0.05922293663024902,0.9135465621948242,1.8423547446727753,0.20389773324131966,0.06446656584739685,0.34975945949554443,0.07980873435735703,1.0935181975364685,3.4532508850097656,4.068278670310974,58.65129280090332,0.46432293951511383,0.6021484583616257,1.5727920532226562,0.08,,
ok,promoted_long,periodic4,top_from_core,long_periodic4_K16_D1x_L2_S0,0,3072,2048,4096,5,5,0,0,16,2,488,64,"[[16, 16], [16, 16]]",36,18,1.6569297313690186,0.6621191501617432,0.607421875,0.7055144309997559,0.5244140625,0.7050957679748535,0.51318359375,0.7055144309997559,0.5244140625,0.51318359375,0.09423828125,0.04146218299865723,1.601032018661499,0.9495002627372742,0.24301915988326073,0.09315832704305649,0.4097014367580414,0.08004149422049522,0.9630527496337891,2.904322385787964,3.4016525745391846,30.076980590820312,0.5394531786441803,0.6913411915302277,1.0260993838310242,0.08,,
ok,promoted_long,periodic8,top_from_core,long_periodic8_K8_D2x_L2_S0,0,3072,2048,4096,5,10,5,1,8,2,454,32,"[[8, 8], [8, 8]]",29,11,1.4517509937286377,0.6893381277720133,0.5442708333333334,0.6927055716514587,0.52734375,0.695516049861908,0.492919921875,0.6927055716514587,0.52734375,0.492919921875,0.05135091145833337,0.02869105339050293,1.406890869140625,0.5867116898298264,0.30482178181409836,0.14517557621002197,0.47913727164268494,0.08705222979187965,1.3963515758514404,4.112484097480774,2.745612382888794,15.588401317596436,0.2771158963441849,0.3771810084581375,0.7106505036354065,0.08,,
ok,promoted_long,periodic8,top_from_core,long_periodic8_K64_D2x_L4_S0,0,3072,2048,4096,5,10,5,1,64,4,6262,512,"[[64, 64], [64, 64], [64, 64], [64, 64]]",24,6,1.7683606147766113,0.7138334115346273,0.5237630208333334,0.7155629396438599,0.52294921875,0.7257294654846191,0.48974609375,0.7155629396438599,0.52294921875,0.48974609375,0.03401692708333337,0.20032835006713867,1.5420494079589844,2.5876703560352325,0.1845183251425624,0.04792352393269539,0.3370315134525299,0.08048131689429283,0.7205811850726604,2.4993112087249756,4.128696262836456,71.41584777832031,0.260904960334301,0.4117676019668579,3.1185699701309204,0.08,,
ok,promoted_long,periodic8,top_from_core,long_periodic8_K64_D4x_L8_S0,0,3072,2048,4096,5,20,15,3,64,8,22922,1024,"[[64, 64], [64, 64], [64, 64], [64, 64], [64, 64], [64, 64], [64, 64], [64, 64]]",50,32,5.8238677978515625,0.691681424776713,0.5227864583333334,0.6934664845466614,0.5107421875,0.6948685348033905,0.49267578125,0.6934664845466614,0.5107421875,0.49267578125,0.03011067708333337,0.3552103042602539,5.428194761276245,1.8594797030091286,0.2063731411471963,0.04684701934456825,0.4191894233226776,0.08047347515821457,0.5676749534904957,1.9955434054136276,3.453190326690674,42.24035096168518,0.12427165452390909,0.2230102587491274,4.027446433901787,0.08,,
ok,promoted_long,periodic8,top_from_core,long_periodic8_K8_D1x_L2_S0,0,3072,2048,4096,5,5,0,0,8,2,264,32,"[[8, 8], [8, 8]]",39,21,1.7233548164367676,0.683867871761322,0.5533854166666666,0.6940135359764099,0.525390625,0.6981256306171417,0.50634765625,0.6940135359764099,0.525390625,0.50634765625,0.04703776041666663,0.025077104568481445,1.6833221912384033,0.6555667221546173,0.30003708600997925,0.13303978741168976,0.5147007703781128,0.0913187526166439,1.2501406371593475,3.6323153972625732,2.666162610054016,14.458755493164062,0.5738281607627869,0.7642578184604645,0.7820240259170532,0.08,,
ok,promoted_long,periodic8,top_from_core,long_periodic8_K32_D4x_L8_S0,0,3072,2048,4096,5,20,15,3,32,8,11658,512,"[[32, 32], [32, 32], [32, 32], [32, 32], [32, 32], [32, 32], [32, 32], [32, 32]]",20,2,2.3709616661071777,0.7788974444071451,0.5133463541666666,0.7713091969490051,0.5224609375,0.7886334657669067,0.492919921875,0.7713091969490051,0.5224609375,0.492919921875,0.02042643229166663,0.2156679630279541,2.116637945175171,1.7466666959226131,0.1842310167849064,0.06712721288204193,0.34843429923057556,0.0798465246334672,0.7367429584264755,2.280316725373268,3.129824459552765,27.510846376419067,0.13939616363495588,0.2340291365981102,3.093298152089119,0.08,,
ok,promoted_long,periodic8,top_from_core,long_periodic8_K64_D1x_L8_S0,0,3072,2048,4096,5,5,0,0,64,8,7292,1024,"[[64, 64], [64, 64], [64, 64], [64, 64], [64, 64], [64, 64], [64, 64], [64, 64]]",39,21,4.621676206588745,0.7403282721837362,0.4918619791666667,0.7294193506240845,0.51123046875,0.7332777976989746,0.499267578125,0.7294193506240845,0.51123046875,0.499267578125,-0.007405598958333315,0.3467984199523926,4.236691236495972,2.294298894703388,0.20410066936165094,0.045601725578308105,0.42510682344436646,0.08164140861481428,0.4917085962370038,1.8870860040187836,3.807117909193039,52.13356328010559,0.5092936493456364,0.9161946848034859,4.936476871371269,0.08,,
ok,promoted_long,periodic8,top_from_core,long_periodic8_K16_D1x_L2_S0,0,3072,2048,4096,5,5,0,0,16,2,488,64,"[[16, 16], [16, 16]]",19,1,0.8775193691253662,0.7064509789148966,0.5078125,0.7040953636169434,0.52001953125,0.708606630563736,0.4951171875,0.7040953636169434,0.52001953125,0.4951171875,0.0126953125,0.037793636322021484,0.8269984722137451,0.9564020186662674,0.2466207630932331,0.09985899180173874,0.3970035910606384,0.08069324493408203,1.0735958516597748,3.2881736159324646,3.375242829322815,29.374860763549805,0.5828125476837158,0.7346354424953461,0.9766901135444641,0.08,,
ok,promoted_long,madelon_lite,top_from_core,long_madelon_lite_K2_D4x_L8_S0,0,3072,2048,4096,5,20,15,3,2,8,1098,32,"[[2, 2], [2, 2], [2, 2], [2, 2], [2, 2], [2, 2], [2, 2], [2, 2]]",90,72,9.648675441741943,0.02758951981862386,0.9947916666666666,0.03175914287567139,0.99462890625,0.03648555465042591,0.994384765625,0.03175914287567139,0.99462890625,0.994384765625,0.00040690104166662966,0.06119084358215332,9.545943975448608,4.125711336731911,0.22916704788804054,0.060548920184373856,0.6410450339317322,0.12045188061892986,0.7632759516563965,2.5054725408554077,1.2286227345466614,3.505873903632164,0.14003906771540642,0.23688151128590107,4.438130274415016,0.08,,
ok,promoted_long,madelon_lite,top_from_core,long_madelon_lite_K8_D4x_L2_S0,0,3072,2048,4096,5,20,15,3,8,2,834,32,"[[8, 8], [8, 8]]",93,75,4.148484945297241,0.015657298887769382,0.9964192708333334,0.04781430587172508,0.9912109375,0.05330255441367626,0.98974609375,0.04781430587172508,0.9912109375,0.98974609375,0.00667317708333337,0.025993824005126953,4.109425067901611,6.12209364771843,0.14508387260138988,0.03863690048456192,0.2902560830116272,0.12816570699214935,0.2321944497525692,1.2834270596504211,2.6410470008850098,14.06479263305664,0.12480469420552254,0.15222983062267303,5.475249379873276,0.08,,
ok,promoted_long,madelon_lite,top_from_core,long_madelon_lite_K8_D2x_L2_S0,0,3072,2048,4096,5,10,5,1,8,2,454,32,"[[8, 8], [8, 8]]",92,74,4.253142595291138,0.014221702702343464,0.9964192708333334,0.044358350336551666,0.99072265625,0.05930732935667038,0.987060546875,0.044358350336551666,0.99072265625,0.987060546875,0.00935872395833337,0.028560638427734375,4.210332870483398,6.406059950590134,0.14793322421610355,0.03875007852911949,0.2887853980064392,0.12839550524950027,0.2700195498764515,1.3333783745765686,2.646522879600525,14.171703338623047,0.26614584773778915,0.35257163643836975,5.109289348125458,0.08,,
ok,promoted_long,madelon_lite,top_from_core,long_madelon_lite_K2_D4x_L4_S0,0,3072,2048,4096,5,20,15,3,2,4,570,16,"[[2, 2], [2, 2], [2, 2], [2, 2]]",96,78,6.300736427307129,0.04257179175813993,0.9925130208333334,0.050005435943603516,0.9912109375,0.04036526940762997,0.99267578125,0.050005435943603516,0.9912109375,0.99267578125,-0.00016276041666662966,0.038384199142456055,6.234875679016113,2.527931794524193,0.22717742063105106,0.09354909509420395,0.5509822368621826,0.15337328240275383,0.7712564952671528,2.4539012610912323,1.2774770557880402,3.737635612487793,0.11984864063560963,0.21848959475755692,1.9452842026948929,0.08,,
ok,promoted_long,madelon_lite,top_from_core,long_madelon_lite_K16_D4x_L4_S0,0,3072,2048,4096,5,20,15,3,16,4,3034,128,"[[16, 16], [16, 16], [16, 16], [16, 16]]",36,18,2.4064061641693115,0.1042161484559377,0.9853515625,0.10683956742286682,0.98681640625,0.11560466140508652,0.98046875,0.10683956742286682,0.98681640625,0.98046875,0.0048828125,0.07518863677978516,2.308115005493164,1.7149599492549896,0.14708082377910614,0.09563332796096802,0.19728463888168335,0.1157431285828352,0.36412420868873596,1.4657142162322998,3.158467411994934,24.439324855804443,0.1111246794462204,0.1866048276424408,1.7522052973508835,0.08,,
ok,promoted_long,madelon_lite,top_from_core,long_madelon_lite_K2_D2x_L8_S0,0,3072,2048,4096,5,10,5,1,2,8,598,32,"[[2, 2], [2, 2], [2, 2], [2, 2], [2, 2], [2, 2], [2, 2], [2, 2]]",105,87,11.365118503570557,0.02213159700234731,0.9957682291666666,0.03160257264971733,0.99462890625,0.034214744344353676,0.992919921875,0.03160257264971733,0.99462890625,0.992919921875,0.0028483072916666297,0.06730914115905762,11.259103775024414,3.949912255629897,0.22277427278459072,0.05941111221909523,0.5557963252067566,0.10072118416428566,0.7010514900757698,2.408023461699486,1.2227280288934708,3.5526587665081024,0.28679200634360313,0.47400716692209244,3.9556103944778442,0.08,,
ok,promoted_long,madelon_lite,top_from_core,long_madelon_lite_K16_D2x_L2_S0,0,3072,2048,4096,5,10,5,1,16,2,838,64,"[[16, 16], [16, 16]]",44,26,1.9406111240386963,0.033827099949121475,0.9934895833333334,0.07031920552253723,0.98291015625,0.06876566633582115,0.98291015625,0.07031920552253723,0.98291015625,0.98291015625,0.01057942708333337,0.03811812400817871,1.8890187740325928,2.9400230646133423,0.13892507925629616,0.09210663288831711,0.207913339138031,0.14585192501544952,0.20487511157989502,1.2301373481750488,3.3293139934539795,28.14930534362793,0.2494140788912773,0.3296549618244171,2.78107151389122,0.08,,
ok,promoted_long,hastie_like,top_from_core,long_hastie_like_K8_D4x_L2_S0,0,3072,2048,4096,5,20,15,3,8,2,834,32,"[[8, 8], [8, 8]]",146,128,6.697132110595703,0.12854570150375366,0.9557291666666666,0.20802029967308044,0.92919921875,0.21654529124498367,0.92431640625,0.20802029967308044,0.92919921875,0.92431640625,0.03141276041666663,0.029323577880859375,6.653623342514038,2.4345040917396545,0.22131077572703362,0.08463168144226074,0.42232635617256165,0.2841949611902237,0.5681450515985489,1.8014466762542725,2.6151373386383057,13.686121940612793,0.1315104216337204,0.18264975398778915,2.4121455550193787,0.08,,
ok,promoted_long,hastie_like,top_from_core,long_hastie_like_K16_D1x_L2_S0,0,3072,2048,4096,5,5,0,0,16,2,488,64,"[[16, 16], [16, 16]]",162,144,7.4167640209198,0.08259660005569458,0.9677734375,0.2487083375453949,0.9267578125,0.2734299600124359,0.911865234375,0.2487083375453949,0.9267578125,0.911865234375,0.055908203125,0.039591312408447266,7.3630452156066895,2.8665379732847214,0.19673459976911545,0.061075106263160706,0.38268977403640747,0.23489875346422195,0.6122794151306152,1.924890398979187,3.232773780822754,25.352436065673828,0.5102213770151138,0.6871094107627869,2.631687819957733,0.08,,
ok,promoted_long,hastie_like,top_from_core,long_hastie_like_K16_D4x_L2_S0,0,3072,2048,4096,5,20,15,3,16,2,1538,64,"[[16, 16], [16, 16]]",109,91,4.971871614456177,0.12085517247517903,0.9619140625,0.27882200479507446,0.916015625,0.29784804582595825,0.90576171875,0.27882200479507446,0.916015625,0.90576171875,0.05615234375,0.03928685188293457,4.9183509349823,2.382531374692917,0.20964984968304634,0.07097820937633514,0.3973744809627533,0.22100763022899628,0.6647274792194366,2.0574711561203003,3.264631509780884,26.257779121398926,0.12553711235523224,0.16638997942209244,2.302319288253784,0.08,,
ok,promoted_long,hastie_like,top_from_core,long_hastie_like_K8_D1x_L2_S0,0,3072,2048,4096,5,5,0,0,8,2,264,32,"[[8, 8], [8, 8]]",131,113,6.011736869812012,0.11431530366341273,0.9554036458333334,0.21865235269069672,0.92138671875,0.24881304800510406,0.9189453125,0.21865235269069672,0.92138671875,0.9189453125,0.03645833333333337,0.031040668487548828,5.967017412185669,2.482667177915573,0.22417404502630234,0.07431861758232117,0.46122512221336365,0.34353817999362946,0.6031964421272278,1.9148507118225098,2.6846224069595337,14.653430938720703,0.47389325499534607,0.7257161736488342,2.334332287311554,0.08,,
ok,promoted_long,hastie_like,top_from_core,long_hastie_like_K8_D2x_L2_S0,0,3072,2048,4096,5,10,5,1,8,2,454,32,"[[8, 8], [8, 8]]",227,209,10.303993940353394,0.10569052894910176,0.9586588541666666,0.22235500812530518,0.9267578125,0.254984512925148,0.908447265625,0.22235500812530518,0.9267578125,0.908447265625,0.05021158854166663,0.031723737716674805,10.25749945640564,2.4110142588615417,0.21894410625100136,0.06463830918073654,0.4846574366092682,0.3758419305086136,0.5197120159864426,1.7604951858520508,2.6223387718200684,13.837085723876953,0.23033855110406876,0.3412435054779053,2.2112421691417694,0.08,,
ok,promoted_long,hastie_like,top_from_core,long_hastie_like_K16_D2x_L2_S0,0,3072,2048,4096,5,10,5,1,16,2,838,64,"[[16, 16], [16, 16]]",81,63,3.7211413383483887,0.13403546810150146,0.953125,0.26210275292396545,0.9052734375,0.27335144579410553,0.899169921875,0.26210275292396545,0.9052734375,0.899169921875,0.053955078125,0.03847312927246094,3.6655399799346924,2.689720794558525,0.20102256536483765,0.058781158179044724,0.40262141823768616,0.21710679680109024,0.5472658276557922,1.818539321422577,3.2393834590911865,25.520751953125,0.26305339485406876,0.33531902730464935,2.5895349979400635,0.08,,
ok,promoted_long,hastie_like,top_from_core,long_hastie_like_K2_D2x_L4_S0,0,3072,2048,4096,5,10,5,1,2,4,310,16,"[[2, 2], [2, 2], [2, 2], [2, 2]]",171,153,11.08363652229309,0.1618887484073639,0.9309895833333334,0.18083219230175018,0.92626953125,0.1865406632423401,0.919921875,0.18083219230175018,0.92626953125,0.919921875,0.01106770833333337,0.040771484375,11.019972324371338,3.0314952060580254,0.3564138263463974,0.03985535725951195,0.8691588640213013,0.1657965760678053,0.654840630479157,2.1400764286518097,1.1344070136547089,3.2716818749904633,0.2385091297328472,0.49124350398778915,4.390236079692841,0.08,,
